no,area,priority,data_file,entity,label,legacy_id,slot,legacy_media_id,media_id_resolved,media_id_source,legacy_url,filename,data_width,data_height,wp_width,wp_height,size_match,mime_type,wp_source_path,url_relation,wp_original_image,wp_filesize_bytes,head_status,head_content_type,head_content_length,wp_title,wp_alt,wp_caption,wp_date,wp_parent_post,alt,license,ai_generated,logo_permission,current_use,rights_class,rights_flags,ai_suspicion_basis,external_basis,check_logo_signage,duplicate,review_notes
1,Home,P0,src/data/home.ts,home-card-1,IT OUTSOURCING,,HOME_CARDS[0].image,,361,WP 검색 매칭,/wp-content/uploads/2024/02/unsplash_ZKBzlifgkgw.jpg,unsplash_ZKBzlifgkgw.jpg,,,1920,1440,데이터 크기 없음,image/jpeg,/wp-content/uploads/2024/02/unsplash_ZKBzlifgkgw.jpg,원본 파일,,1254896,200,image/jpeg,1254896,unsplash_ZKBzlifgkgw,,,2024-03-13,84,,(없음),(없음),,placeholder,external,external,,파일명(unsplash),,,
2,Home,P0,src/data/home.ts,home-card-2,SYSTEM INTEGRATION,,HOME_CARDS[1].image,,793,WP 검색 매칭,/wp-content/uploads/2024/02/kevin-ku-w7ZyuGYNpRQ-unsplash-scaled.jpg,kevin-ku-w7ZyuGYNpRQ-unsplash-scaled.jpg,,,2560,1919,데이터 크기 없음,image/jpeg,/wp-content/uploads/2024/02/kevin-ku-w7ZyuGYNpRQ-unsplash-scaled.jpg,WP -scaled 파일 (원본은 original_image),kevin-ku-w7ZyuGYNpRQ-unsplash.jpg,467527,200,image/jpeg,467527,kevin-ku-w7ZyuGYNpRQ-unsplash,,,2024-04-04,278,,(없음),(없음),,placeholder,external,external,,파일명(unsplash),,URL 2회,
3,Home,P0,src/data/home.ts,home-card-3,IBK기업은행 정보시스템 운영,,HOME_CARDS[2].image,,978,WP 검색 매칭,/wp-content/uploads/2024/04/기업은행.jpg,기업은행.jpg,,,2560,1707,데이터 크기 없음,image/jpeg,/wp-content/uploads/2024/04/기업은행.jpg,원본 파일,,454772,200,image/jpeg,454772,기업은행,,,2024-04-17,973,,(없음),(없음),,placeholder,unknown,,,,,URL 5회,
4,Home,P0,src/data/home.ts,home-card-4,흥국생명 IT 어플리케이션 유지보수,,HOME_CARDS[3].image,,620,WP 검색 매칭,/wp-content/uploads/2024/04/흥국생명_해머링맨.jpeg,흥국생명_해머링맨.jpeg,,,1280,853,데이터 크기 없음,image/jpeg,/wp-content/uploads/2024/04/흥국생명_해머링맨.jpeg,원본 파일,,1003069,200,image/jpeg,1003069,흥국생명_해머링맨,,,2024-04-03,406,,(없음),(없음),,placeholder,unknown,,,,,URL 4회,
5,Company,P0,src/data/company/company.json,company,미래아이엔텍,33,images[0],,832,WP 검색 매칭,/wp-content/uploads/2024/04/35nd-large-e1712245987379.jpg,35nd-large-e1712245987379.jpg,750,398,750,398,일치,image/jpeg,/wp-content/uploads/2024/04/35nd-large-e1712245987379.jpg,원본 파일,,73028,200,image/jpeg,57430,35nd-large,,,2024-04-05,33,,unknown,unknown,,placeholder,unknown,,,,,,원본 파일/라이선스 미확인 (D-13). 확인 전까지 placeholder 표시
6,Team,P2,src/data/team/ceo.json,ceo,김학연,145,image,,,매칭 불가,/wp-content/uploads/2024/02/김학연-이사-2-1-1024x1024.jpg,김학연-이사-2-1-1024x1024.jpg,1024,1024,,,확인 불가,image/jpeg,,media 매칭 불가,,,200,image/jpeg,94790,,,,,,,unknown,unknown,,placeholder,unknown,,,,,,인물 사진 — 원본 파일/초상·사용 권한 확인 필요 (D-13). 확인 전까지 placeholder / 목록 페이지 흑백 이미지(별도 파일): /wp-content/uploads/2024/02/김학연-이사-2-2-1024x1024.jpg
7,Team,P2,src/data/team/future-technology-research-center.json,future-technology-research-center,미래기술연구소,1415,image,,1417,WP 검색 매칭,/wp-content/uploads/2025/07/20250707_1543_미래기술연구소-회의_remix_01jzhsxvj0fgk907cm07kf3m2z_Color2-683x1024.png,20250707_1543_미래기술연구소-회의_remix_01jzhsxvj0fgk907cm07kf3m2z_Color2-683x1024.png,683,1024,1024,1536,파생본 크기와 일치,image/png,/wp-content/uploads/2025/07/20250707_1543_미래기술연구소-회의_remix_01jzhsxvj0fgk907cm07kf3m2z_Color2.png,리사이즈 파생본 (large 683×1024),,2239168,200,image/png,727160,20250707_1543_미래기술연구소 회의_remix_01jzhsxvj0fgk907cm07kf3m2z_Color2,,,2025-07-07,1415,,unknown,unknown,,placeholder,suspected-ai,suspected-ai,review 메모 + 파일명 패턴,,,,원본 파일/라이선스 미확인 (D-13). 파일명(remix_…)상 AI 생성 이미지로 추정되며 이미지 안에 팀명 텍스트 포함 — 사용 여부 확인 필요. 확인 전까지 placeholder / 목록 페이지 흑백 이미지(별도 파일): /wp-content/uploads/2025/07/20250707_1543_미래기술연구소-회의_remix_01jzhsxvj0fgk907cm07kf3m2z-683x1024.png
8,Team,P2,src/data/team/infrastructure-team.json,infrastructure-team,인프라 팀,1413,image,,1418,WP 검색 매칭,/wp-content/uploads/2025/07/20250707_1418_흑백-리믹스-디자인_remix_01jzhn134wftftc6ryf7v7h1c9_Color-683x1024.png,20250707_1418_흑백-리믹스-디자인_remix_01jzhn134wftftc6ryf7v7h1c9_Color-683x1024.png,683,1024,1024,1536,파생본 크기와 일치,image/png,/wp-content/uploads/2025/07/20250707_1418_흑백-리믹스-디자인_remix_01jzhn134wftftc6ryf7v7h1c9_Color.png,리사이즈 파생본 (large 683×1024),,2700831,200,image/png,981733,20250707_1418_흑백 리믹스 디자인_remix_01jzhn134wftftc6ryf7v7h1c9_Color,,,2025-07-07,1413,,unknown,unknown,,placeholder,suspected-ai,suspected-ai,review 메모 + 파일명 패턴,,,,원본 파일/라이선스 미확인 (D-13). 파일명(remix_…)상 AI 생성 이미지로 추정되며 이미지 안에 팀명 텍스트 포함 — 사용 여부 확인 필요. 확인 전까지 placeholder / 목록 페이지 흑백 이미지(별도 파일): /wp-content/uploads/2025/07/20250707_1418_흑백-리믹스-디자인_remix_01jzhn134wftftc6ryf7v7h1c9-683x1024.png
9,Team,P2,src/data/team/ito-team.json,ito-team,ITO 팀,1409,image,,1421,WP 검색 매칭,/wp-content/uploads/2025/07/20250707_1405_아이콘-삭제-및-위치-조정_remix_01jzhm9z5bfhjsm2gdgrstt01d_Color2-683x1024.png,20250707_1405_아이콘-삭제-및-위치-조정_remix_01jzhm9z5bfhjsm2gdgrstt01d_Color2-683x1024.png,683,1024,1024,1536,파생본 크기와 일치,image/png,/wp-content/uploads/2025/07/20250707_1405_아이콘-삭제-및-위치-조정_remix_01jzhm9z5bfhjsm2gdgrstt01d_Color2.png,리사이즈 파생본 (large 683×1024),,1923390,200,image/png,551994,20250707_1405_아이콘 삭제 및 위치 조정_remix_01jzhm9z5bfhjsm2gdgrstt01d_Color2,,,2025-07-07,1409,,unknown,unknown,,placeholder,suspected-ai,suspected-ai,review 메모 + 파일명 패턴,,,,원본 파일/라이선스 미확인 (D-13). 파일명(remix_…)상 AI 생성 이미지로 추정되며 이미지 안에 팀명 텍스트 포함 — 사용 여부 확인 필요. 확인 전까지 placeholder / 목록 페이지 흑백 이미지(별도 파일): /wp-content/uploads/2025/07/20250707_1405_아이콘-삭제-및-위치-조정_remix_01jzhm9z5bfhjsm2gdgrstt01d-683x1024.png
10,Team,P2,src/data/team/si-team.json,si-team,SI 팀,1405,image,,1428,WP 검색 매칭,/wp-content/uploads/2025/07/20250708_0918_배경화면-안정감-조정_remix_01jzkp8hwfe4xr77tcntb5bdct-683x1024.png,20250708_0918_배경화면-안정감-조정_remix_01jzkp8hwfe4xr77tcntb5bdct-683x1024.png,683,1024,1024,1536,파생본 크기와 일치,image/png,/wp-content/uploads/2025/07/20250708_0918_배경화면-안정감-조정_remix_01jzkp8hwfe4xr77tcntb5bdct.png,리사이즈 파생본 (large 683×1024),,2135664,200,image/png,608915,20250708_0918_배경화면 안정감 조정_remix_01jzkp8hwfe4xr77tcntb5bdct,,,2025-07-08,1405,,unknown,unknown,,placeholder,suspected-ai,suspected-ai,review 메모 + 파일명 패턴,,,,원본 파일/라이선스 미확인 (D-13). 파일명(remix_…)상 AI 생성 이미지로 추정되며 이미지 안에 팀명 텍스트 포함 — 사용 여부 확인 필요. 확인 전까지 placeholder / 목록 페이지 흑백 이미지(별도 파일): /wp-content/uploads/2025/07/20250708_0918_배경화면-안정감-조정_remix_01jzkp8hwfe4xr77tcntb5bdct-1-683x1024.png
11,Team,P2,src/data/team/solution-team.json,solution-team,솔루션 팀,1411,image,,1419,WP 검색 매칭,/wp-content/uploads/2025/07/20250707_1411_아이콘-삭제-요청_remix_01jzhmmbp8fkz9qzgtp18cchv4_Color2-683x1024.png,20250707_1411_아이콘-삭제-요청_remix_01jzhmmbp8fkz9qzgtp18cchv4_Color2-683x1024.png,683,1024,1024,1536,파생본 크기와 일치,image/png,/wp-content/uploads/2025/07/20250707_1411_아이콘-삭제-요청_remix_01jzhmmbp8fkz9qzgtp18cchv4_Color2.png,리사이즈 파생본 (large 683×1024),,2107999,200,image/png,612063,20250707_1411_아이콘 삭제 요청_remix_01jzhmmbp8fkz9qzgtp18cchv4_Color2,,,2025-07-07,1411,,unknown,unknown,,placeholder,suspected-ai,suspected-ai,review 메모 + 파일명 패턴,,,,원본 파일/라이선스 미확인 (D-13). 파일명(remix_…)상 AI 생성 이미지로 추정되며 이미지 안에 팀명 텍스트 포함 — 사용 여부 확인 필요. 확인 전까지 placeholder / 목록 페이지 흑백 이미지(별도 파일): /wp-content/uploads/2025/07/20250707_1411_아이콘-삭제-요청_remix_01jzhmmbp8fkz9qzgtp18cchv4-683x1024.png
12,News,P2,src/data/news/news-1126.json,news-1126,태광그룹 계열사 홈페이지 운영 사업 수주,1126,images[0],1127,1127,data,/wp-content/uploads/2024/08/태광그룹.png,태광그룹.png,856,671,856,671,일치,image/png,/wp-content/uploads/2024/08/태광그룹.png,원본 파일,,68704,200,image/png,68704,태광그룹,,,2024-08-08,1126,,unknown,unknown,,placeholder,external,external,,review 메모(제3자 자료),yes,URL 2회,"원본 파일/라이선스 미확인 (D-13). 확인 전까지 placeholder, alt 원문 없음 / 태광그룹 계열사 구조도(제3자 자료, 로고·텍스트 포함) — 사용 권리 확인 필요"
13,News,P2,src/data/news/news-1266.json,news-1266,KDB캐피탈 차세대 사업 수주(인프라 구축 부문),1266,images[0],1194,1194,data,/wp-content/uploads/2024/12/IMG_0012.jpeg,IMG_0012.jpeg,530,333,530,333,일치,image/jpeg,/wp-content/uploads/2024/12/IMG_0012.jpeg,원본 파일,,55916,200,image/jpeg,55916,IMG_0012,,,2024-12-15,,,unknown,unknown,,placeholder,unknown,,,,yes,,"원본 파일/라이선스 미확인 (D-13). 확인 전까지 placeholder, alt 원문 없음 / KDB캐피탈 건물 간판·로고 포함 사진, WP 미디어 연결 게시물 없음 — 출처/권리 확인 필요"
14,News,P2,src/data/news/news-1429.json,news-1429,"㈜미래아이엔텍, DB암호화 솔루션 전문업체 ‘이글로벌시스템’과 전략적 파트너십 체결",1429,images[0],1430,1430,data,/wp-content/uploads/2025/07/20250709_1129_악수하는-남자들_simple_compose_01jzpg7fdxe1mvagq4h7y9bmts.png,20250709_1129_악수하는-남자들_simple_compose_01jzpg7fdxe1mvagq4h7y9bmts.png,1024,1024,1024,1024,일치,image/png,/wp-content/uploads/2025/07/20250709_1129_악수하는-남자들_simple_compose_01jzpg7fdxe1mvagq4h7y9bmts.png,원본 파일,,1532095,200,image/png,1532095,20250709_1129_악수하는 남자들_simple_compose_01jzpg7fdxe1mvagq4h7y9bmts,,,2025-07-09,1429,,unknown,unknown,,placeholder,suspected-ai,suspected-ai,review 메모 + 파일명 패턴,,,,"원본 파일/라이선스 미확인 (D-13). 확인 전까지 placeholder, alt 원문 없음 / 파일명(simple_compose_…)상 AI 생성 이미지로 추정 — 사용 여부 확인 필요"
15,News,P2,src/data/news/news-1528.json,news-1528,"(주)미래아이엔텍, 한국투자저축은행 ‘계정·채널 통합관리’ 정보시스템 유지보수 사업 수주",1528,images[0],1531,1531,data,/wp-content/uploads/2025/12/BandiView_Image2.jpg,BandiView_Image2.jpg,1280,720,1280,720,일치,image/jpeg,/wp-content/uploads/2025/12/BandiView_Image2.jpg,원본 파일,,111850,200,image/jpeg,111850,BandiView_Image2,,,2025-12-02,1528,,unknown,unknown,,placeholder,unknown,,,,,,"원본 파일/라이선스 미확인 (D-13). 확인 전까지 placeholder, alt 원문 없음"
16,News,P2,src/data/news/news-1563.json,news-1563,"미래아이엔텍, ‘2026 흥국화재 IT Application 유지보수’ 사업 수주 / 보험 금융 IT 강자 입증",1563,images[0],620,620,data,/wp-content/uploads/2024/04/흥국생명_해머링맨.jpeg,흥국생명_해머링맨.jpeg,1280,853,1280,853,일치,image/jpeg,/wp-content/uploads/2024/04/흥국생명_해머링맨.jpeg,원본 파일,,1003069,200,image/jpeg,1003069,흥국생명_해머링맨,,,2024-04-03,406,,unknown,unknown,,placeholder,unknown,,,,,URL 4회,"원본 파일/라이선스 미확인 (D-13). 확인 전까지 placeholder, alt 원문 없음 / 흥국생명 이미지(media 620, Home 카드 4와 동일 파일)를 흥국화재 기사에 사용 — 확인 필요"
17,News,P2,src/data/news/news-812.json,news-812,홈페이지 리뉴얼 오픈,812,images[0],825,825,data,/wp-content/uploads/2024/04/austin-park-JdSXY1nC5rc-unsplash-scaled.jpg,austin-park-JdSXY1nC5rc-unsplash-scaled.jpg,2560,2048,2560,2048,일치,image/jpeg,/wp-content/uploads/2024/04/austin-park-JdSXY1nC5rc-unsplash-scaled.jpg,WP -scaled 파일 (원본은 original_image),austin-park-JdSXY1nC5rc-unsplash.jpg,674636,200,image/jpeg,674636,austin-park-JdSXY1nC5rc-unsplash,,,2024-04-04,84,,unknown,unknown,,placeholder,external,external,,파일명(unsplash) + review 메모(Unsplash),,,"원본 파일/라이선스 미확인 (D-13). 확인 전까지 placeholder, alt 원문 없음 / 파일명상 Unsplash 이미지, 원래 다른 게시물(84) 소속 — 라이선스 확인 필요"
18,Projects,P2,src/data/projects/project-1001.json,project-1001,한국투자저축은행 인프라 유지보수,1001,images[0],1003,1003,data,/wp-content/uploads/2024/04/한국투자저축은행입구-scaled.jpg,한국투자저축은행입구-scaled.jpg,2560,1920,2560,1920,일치,image/jpeg,/wp-content/uploads/2024/04/한국투자저축은행입구-scaled.jpg,WP -scaled 파일 (원본은 original_image),한국투자저축은행입구.jpg,626910,200,image/jpeg,626910,한국투자저축은행입구,,,2024-04-26,1001,,unknown,unknown,,placeholder,unknown,,,,yes,,"원본 파일/라이선스 미확인 (D-13), 고객사 로고·간판 포함 여부 확인 필요 — 확인 전까지 placeholder, alt 원문 없음"
19,Projects,P2,src/data/projects/project-1001.json,project-1001,한국투자저축은행 인프라 유지보수,1001,images[1],1002,1002,data,/wp-content/uploads/2024/04/한국투자저축은행-사무실-전경-scaled.jpg,한국투자저축은행-사무실-전경-scaled.jpg,2560,1920,2560,1920,일치,image/jpeg,/wp-content/uploads/2024/04/한국투자저축은행-사무실-전경-scaled.jpg,WP -scaled 파일 (원본은 original_image),한국투자저축은행-사무실-전경.jpg,894085,200,image/jpeg,894085,한국투자저축은행 사무실 전경,,,2024-04-26,1001,,unknown,unknown,,placeholder,unknown,,,,yes,,"원본 파일/라이선스 미확인 (D-13), 고객사 로고·간판 포함 여부 확인 필요 — 확인 전까지 placeholder, alt 원문 없음"
20,Projects,P2,src/data/projects/project-1028.json,project-1028,SBI저축은행 IT아웃소싱 통합,1028,images[0],1036,1036,data,/wp-content/uploads/2024/04/시그니쳐타워1.jpg,시그니쳐타워1.jpg,900,675,900,675,일치,image/jpeg,/wp-content/uploads/2024/04/시그니쳐타워1.jpg,원본 파일,,171629,200,image/jpeg,171629,시그니쳐타워1,,,2024-04-30,1028,,unknown,unknown,,placeholder,unknown,,,,yes,,"원본 파일/라이선스 미확인 (D-13), 고객사 로고·간판 포함 여부 확인 필요 — 확인 전까지 placeholder, alt 원문 없음"
21,Projects,P2,src/data/projects/project-1044.json,project-1044,삼성꿈장학재단 ITO 유지보수,1044,images[0],1048,1048,data,/wp-content/uploads/2024/05/restmb_allidxmake.jpeg,restmb_allidxmake.jpeg,600,337,600,337,일치,image/jpeg,/wp-content/uploads/2024/05/restmb_allidxmake.jpeg,원본 파일,,125590,200,image/jpeg,125590,restmb_allidxmake,,,2024-05-02,1044,,unknown,unknown,,placeholder,unknown,,,,yes,,"원본 파일/라이선스 미확인 (D-13), 고객사 로고·간판 포함 여부 확인 필요 — 확인 전까지 placeholder, alt 원문 없음 / 파일명상 언론사 기사 이미지로 추정"
22,Projects,P2,src/data/projects/project-1051.json,project-1051,MG새마을금고 업무프로그램 개발 및 유지보수,1051,images[0],1055,1055,data,/wp-content/uploads/2024/05/새마을금고중앙회-IT센터-전경04_1608495857597.jpg,새마을금고중앙회-IT센터-전경04_1608495857597.jpg,1920,1080,1920,1080,일치,image/jpeg,/wp-content/uploads/2024/05/새마을금고중앙회-IT센터-전경04_1608495857597.jpg,원본 파일,,1282781,200,image/jpeg,1282781,새마을금고중앙회 IT센터 전경04_1608495857597,,,2024-05-02,1051,,unknown,unknown,,placeholder,unknown,,,,yes,,"원본 파일/라이선스 미확인 (D-13), 고객사 로고·간판 포함 여부 확인 필요 — 확인 전까지 placeholder, alt 원문 없음"
23,Projects,P2,src/data/projects/project-1057.json,project-1057,MG새마을금고 정보시스템 단위업무 운영,1057,images[0],1058,1058,data,/wp-content/uploads/2024/05/새마을금고로고_1608495875839.jpg,새마을금고로고_1608495875839.jpg,1920,1080,1920,1080,일치,image/jpeg,/wp-content/uploads/2024/05/새마을금고로고_1608495875839.jpg,원본 파일,,434928,200,image/jpeg,434928,새마을금고로고_1608495875839,,,2024-05-02,1057,,unknown,unknown,,placeholder,unknown,,,,yes,,"원본 파일/라이선스 미확인 (D-13), 고객사 로고·간판 포함 여부 확인 필요 — 확인 전까지 placeholder, alt 원문 없음"
24,Projects,P2,src/data/projects/project-1060.json,project-1060,한국은행 IT통합 운영용역,1060,images[0],1061,1061,data,/wp-content/uploads/2024/05/한국은행.jpg,한국은행.jpg,620,422,620,422,일치,image/jpeg,/wp-content/uploads/2024/05/한국은행.jpg,원본 파일,,49202,200,image/jpeg,49202,한국은행,,,2024-05-03,1060,,unknown,unknown,,placeholder,unknown,,,,yes,다른 media와 동일 추정,"원본 파일/라이선스 미확인 (D-13), 고객사 로고·간판 포함 여부 확인 필요 — 확인 전까지 placeholder, alt 원문 없음"
25,Projects,P2,src/data/projects/project-1064.json,project-1064,신한은행 차세대 뱅킹시스템 전환 프로젝트 ‘더 넥스트(The NEXT)’,1064,images[0],1067,1067,data,/wp-content/uploads/2024/05/신한은행next.jpg,신한은행next.jpg,630,399,630,399,일치,image/jpeg,/wp-content/uploads/2024/05/신한은행next.jpg,원본 파일,,53533,200,image/jpeg,53533,신한은행next,,,2024-05-03,1064,,unknown,unknown,,placeholder,unknown,,,,yes,,"원본 파일/라이선스 미확인 (D-13), 고객사 로고·간판 포함 여부 확인 필요 — 확인 전까지 placeholder, alt 원문 없음"
26,Projects,P2,src/data/projects/project-1072.json,project-1072,한국지능정보사회진흥원 인공지능 학습용 데이터 구축사업_금융 합성데이터,1072,images[0],1073,1073,data,/wp-content/uploads/2024/05/nia.jpg,nia.jpg,630,900,630,900,일치,image/jpeg,/wp-content/uploads/2024/05/nia.jpg,원본 파일,,248448,200,image/jpeg,248448,nia,,,2024-05-03,1072,,unknown,unknown,,placeholder,unknown,,,,yes,다른 media와 동일 추정,"원본 파일/라이선스 미확인 (D-13), 고객사 로고·간판 포함 여부 확인 필요 — 확인 전까지 placeholder, alt 원문 없음"
27,Projects,P2,src/data/projects/project-1076.json,project-1076,예금보험공사 케이알앤씨 정보시스템 통합 유지보수,1076,images[0],1078,1078,data,/wp-content/uploads/2024/05/예금보험공사.jpg,예금보험공사.jpg,600,400,600,400,일치,image/jpeg,/wp-content/uploads/2024/05/예금보험공사.jpg,원본 파일,,166810,200,image/jpeg,166810,예금보험공사,,,2024-05-07,1076,,unknown,unknown,,placeholder,unknown,,,,yes,다른 media와 동일 추정,"원본 파일/라이선스 미확인 (D-13), 고객사 로고·간판 포함 여부 확인 필요 — 확인 전까지 placeholder, alt 원문 없음"
28,Projects,P2,src/data/projects/project-1080.json,project-1080,현대카드 채널계 / 처리계 유지보수 운영,1080,images[0],1081,1081,data,/wp-content/uploads/2024/05/현대카드.jpg,현대카드.jpg,600,399,600,399,일치,image/jpeg,/wp-content/uploads/2024/05/현대카드.jpg,원본 파일,,328015,200,image/jpeg,328015,현대카드,,,2024-05-07,1080,,unknown,unknown,,placeholder,unknown,,,,yes,,"원본 파일/라이선스 미확인 (D-13), 고객사 로고·간판 포함 여부 확인 필요 — 확인 전까지 placeholder, alt 원문 없음"
29,Projects,P2,src/data/projects/project-1083.json,project-1083,카카오페이 청구서서비스 운영,1083,images[0],1084,1084,data,/wp-content/uploads/2024/05/카카오페이.png,카카오페이.png,860,580,860,580,일치,image/png,/wp-content/uploads/2024/05/카카오페이.png,원본 파일,,784978,200,image/png,784978,카카오페이,,,2024-05-07,1083,,unknown,unknown,,placeholder,unknown,,,,yes,,"원본 파일/라이선스 미확인 (D-13), 고객사 로고·간판 포함 여부 확인 필요 — 확인 전까지 placeholder, alt 원문 없음"
30,Projects,P2,src/data/projects/project-1086.json,project-1086,LG 헬로비전 시스템 운영,1086,images[0],1087,1087,data,/wp-content/uploads/2024/05/헬로비전.jpg,헬로비전.jpg,1200,684,1200,684,일치,image/jpeg,/wp-content/uploads/2024/05/헬로비전.jpg,원본 파일,,292831,200,image/jpeg,292831,헬로비전,,,2024-05-07,1086,,unknown,unknown,,placeholder,unknown,,,,yes,,"원본 파일/라이선스 미확인 (D-13), 고객사 로고·간판 포함 여부 확인 필요 — 확인 전까지 placeholder, alt 원문 없음"
31,Projects,P2,src/data/projects/project-1089.json,project-1089,CJ ENM 시스템 운영,1089,images[0],1090,1090,data,/wp-content/uploads/2024/05/CJ-enm.jpg,CJ-enm.jpg,620,363,620,363,일치,image/jpeg,/wp-content/uploads/2024/05/CJ-enm.jpg,원본 파일,,36424,200,image/jpeg,36424,CJ enm,,,2024-05-07,1089,,unknown,unknown,,placeholder,unknown,,,,yes,,"원본 파일/라이선스 미확인 (D-13), 고객사 로고·간판 포함 여부 확인 필요 — 확인 전까지 placeholder, alt 원문 없음"
32,Projects,P2,src/data/projects/project-1094.json,project-1094,대한통운 이커머스 시스템 고도화,1094,images[0],1095,1095,data,/wp-content/uploads/2024/05/대한통운.jpg,대한통운.jpg,500,455,500,455,일치,image/jpeg,/wp-content/uploads/2024/05/대한통운.jpg,원본 파일,,228249,200,image/jpeg,228249,대한통운,,,2024-05-07,1094,,unknown,unknown,,placeholder,unknown,,,,yes,,"원본 파일/라이선스 미확인 (D-13), 고객사 로고·간판 포함 여부 확인 필요 — 확인 전까지 placeholder, alt 원문 없음"
33,Projects,P2,src/data/projects/project-1097.json,project-1097,SC제일은행 RFI 결제 및 보고 대행을 위한 TIS&UI 전산 개발,1097,images[0],1098,1098,data,/wp-content/uploads/2024/05/scbk.jpg,scbk.jpg,1000,1000,1000,1000,일치,image/jpeg,/wp-content/uploads/2024/05/scbk.jpg,원본 파일,,949610,200,image/jpeg,949610,scbk,,,2024-05-08,1097,,unknown,unknown,,placeholder,unknown,,,,yes,URL 17회,"원본 파일/라이선스 미확인 (D-13), 고객사 로고·간판 포함 여부 확인 필요 — 확인 전까지 placeholder, alt 원문 없음 / 여러 프로젝트에서 공유되는 이미지 (17건)"
34,Projects,P2,src/data/projects/project-1131.json,project-1131,태광그룹 11개 계열사 홈페이지 운영,1131,images[0],1127,1127,data,/wp-content/uploads/2024/08/태광그룹.png,태광그룹.png,856,671,856,671,일치,image/png,/wp-content/uploads/2024/08/태광그룹.png,원본 파일,,68704,200,image/png,68704,태광그룹,,,2024-08-08,1126,,unknown,unknown,,placeholder,unknown,,,,yes,URL 2회,"원본 파일/라이선스 미확인 (D-13), 고객사 로고·간판 포함 여부 확인 필요 — 확인 전까지 placeholder, alt 원문 없음"
35,Projects,P2,src/data/projects/project-1135.json,project-1135,라이나손해보험 어플리케이션 유지보수,1135,images[0],1140,1140,data,/wp-content/uploads/2024/09/LAINA.jpg,LAINA.jpg,518,366,518,366,일치,image/jpeg,/wp-content/uploads/2024/09/LAINA.jpg,원본 파일,,82061,200,image/jpeg,82061,LAINA,,,2024-09-06,1135,,unknown,unknown,,placeholder,unknown,,,,yes,,"원본 파일/라이선스 미확인 (D-13), 고객사 로고·간판 포함 여부 확인 필요 — 확인 전까지 placeholder, alt 원문 없음"
36,Projects,P2,src/data/projects/project-1144.json,project-1144,SC제일은행 이상해외송금 방지 프로젝트,1144,images[0],1098,1098,data,/wp-content/uploads/2024/05/scbk.jpg,scbk.jpg,1000,1000,1000,1000,일치,image/jpeg,/wp-content/uploads/2024/05/scbk.jpg,원본 파일,,949610,200,image/jpeg,949610,scbk,,,2024-05-08,1097,,unknown,unknown,,placeholder,unknown,,,,yes,URL 17회,"원본 파일/라이선스 미확인 (D-13), 고객사 로고·간판 포함 여부 확인 필요 — 확인 전까지 placeholder, alt 원문 없음 / 여러 프로젝트에서 공유되는 이미지 (17건)"
37,Projects,P2,src/data/projects/project-1149.json,project-1149,SC제일은행 개인채무자보호법 관련 변경개발 프로젝트,1149,images[0],1098,1098,data,/wp-content/uploads/2024/05/scbk.jpg,scbk.jpg,1000,1000,1000,1000,일치,image/jpeg,/wp-content/uploads/2024/05/scbk.jpg,원본 파일,,949610,200,image/jpeg,949610,scbk,,,2024-05-08,1097,,unknown,unknown,,placeholder,unknown,,,,yes,URL 17회,"원본 파일/라이선스 미확인 (D-13), 고객사 로고·간판 포함 여부 확인 필요 — 확인 전까지 placeholder, alt 원문 없음 / 여러 프로젝트에서 공유되는 이미지 (17건)"
38,Projects,P2,src/data/projects/project-1199.json,project-1199,KDB캐피탈 차세대(인프라 구축),1199,images[0],1373,1373,data,/wp-content/uploads/2024/12/KDB캐피탈-1.jpg,KDB캐피탈-1.jpg,1000,892,1000,892,일치,image/jpeg,/wp-content/uploads/2024/12/KDB캐피탈-1.jpg,원본 파일,,261830,200,image/jpeg,261830,KDB캐피탈,,,2025-06-17,1199,,unknown,unknown,,placeholder,unknown,,,,yes,,"원본 파일/라이선스 미확인 (D-13), 고객사 로고·간판 포함 여부 확인 필요 — 확인 전까지 placeholder, alt 원문 없음"
39,Projects,P2,src/data/projects/project-1205.json,project-1205,IBK태블릿뱅킹 구축,1205,images[0],978,978,data,/wp-content/uploads/2024/04/기업은행.jpg,기업은행.jpg,2560,1707,2560,1707,일치,image/jpeg,/wp-content/uploads/2024/04/기업은행.jpg,원본 파일,,454772,200,image/jpeg,454772,기업은행,,,2024-04-17,973,,unknown,unknown,,placeholder,unknown,,,,yes,URL 5회,"원본 파일/라이선스 미확인 (D-13), 고객사 로고·간판 포함 여부 확인 필요 — 확인 전까지 placeholder, alt 원문 없음 / 여러 프로젝트에서 공유되는 이미지 (4건)"
40,Projects,P2,src/data/projects/project-1209.json,project-1209,한국투자캐피탈 시스템 운영,1209,images[0],1399,1399,data,/wp-content/uploads/2024/12/변환_restmb_allidxmake-3.jpg,변환_restmb_allidxmake-3.jpg,1280,853,1280,853,일치,image/jpeg,/wp-content/uploads/2024/12/변환_restmb_allidxmake-3.jpg,원본 파일,,924166,200,image/jpeg,924166,"CREATOR: gd-jpeg v1.0 (using IJG JPEG v62), quality = 100",,"CREATOR: gd-jpeg v1.0 (using IJG JPEG v62), quality = 100",2025-06-18,1209,,unknown,unknown,,placeholder,unknown,,,,yes,,"원본 파일/라이선스 미확인 (D-13), 고객사 로고·간판 포함 여부 확인 필요 — 확인 전까지 placeholder, alt 원문 없음 / 파일명상 언론사 기사 이미지로 추정"
41,Projects,P2,src/data/projects/project-1212.json,project-1212,BNK캐피탈 영업지원시스템 화면(UI/UX)전환 사업,1212,images[0],1401,1401,data,/wp-content/uploads/2024/12/변환_20250617_1004_BNK-금융그룹-건물_remix_01jxxpj3cef3vbzg9m9c74z84r-2.jpg,변환_20250617_1004_BNK-금융그룹-건물_remix_01jxxpj3cef3vbzg9m9c74z84r-2.jpg,1280,853,1280,853,일치,image/jpeg,/wp-content/uploads/2024/12/변환_20250617_1004_BNK-금융그룹-건물_remix_01jxxpj3cef3vbzg9m9c74z84r-2.jpg,원본 파일,,580640,200,image/jpeg,580640,변환_20250617_1004_BNK 금융그룹 건물_remix_01jxxpj3cef3vbzg9m9c74z84r (2),,,2025-06-18,1212,,unknown,unknown,,placeholder,suspected-ai,suspected-ai,review 메모 + 파일명 패턴,,yes,,"원본 파일/라이선스 미확인 (D-13), 고객사 로고·간판 포함 여부 확인 필요 — 확인 전까지 placeholder, alt 원문 없음 / 파일명(remix_…)상 AI 생성 이미지로 추정"
42,Projects,P2,src/data/projects/project-1220.json,project-1220,기업은행 디폴트옵션 제도도입 퇴직연금 업무프로세스 개발,1220,images[0],978,978,data,/wp-content/uploads/2024/04/기업은행.jpg,기업은행.jpg,2560,1707,2560,1707,일치,image/jpeg,/wp-content/uploads/2024/04/기업은행.jpg,원본 파일,,454772,200,image/jpeg,454772,기업은행,,,2024-04-17,973,,unknown,unknown,,placeholder,unknown,,,,yes,URL 5회,"원본 파일/라이선스 미확인 (D-13), 고객사 로고·간판 포함 여부 확인 필요 — 확인 전까지 placeholder, alt 원문 없음 / 여러 프로젝트에서 공유되는 이미지 (4건)"
43,Projects,P2,src/data/projects/project-1223.json,project-1223,SC제일은행 대출이동시스템 Phase2 개발 프로젝트,1223,images[0],1098,1098,data,/wp-content/uploads/2024/05/scbk.jpg,scbk.jpg,1000,1000,1000,1000,일치,image/jpeg,/wp-content/uploads/2024/05/scbk.jpg,원본 파일,,949610,200,image/jpeg,949610,scbk,,,2024-05-08,1097,,unknown,unknown,,placeholder,unknown,,,,yes,URL 17회,"원본 파일/라이선스 미확인 (D-13), 고객사 로고·간판 포함 여부 확인 필요 — 확인 전까지 placeholder, alt 원문 없음 / 여러 프로젝트에서 공유되는 이미지 (17건)"
44,Projects,P2,src/data/projects/project-1232.json,project-1232,SC제일은행 대출시스템 개선 개발 프로젝트,1232,images[0],1098,1098,data,/wp-content/uploads/2024/05/scbk.jpg,scbk.jpg,1000,1000,1000,1000,일치,image/jpeg,/wp-content/uploads/2024/05/scbk.jpg,원본 파일,,949610,200,image/jpeg,949610,scbk,,,2024-05-08,1097,,unknown,unknown,,placeholder,unknown,,,,yes,URL 17회,"원본 파일/라이선스 미확인 (D-13), 고객사 로고·간판 포함 여부 확인 필요 — 확인 전까지 placeholder, alt 원문 없음 / 여러 프로젝트에서 공유되는 이미지 (17건)"
45,Projects,P2,src/data/projects/project-1252.json,project-1252,한국투자캐피탈 비대면 개인금융 시스템 구축,1252,images[0],1253,1253,data,/wp-content/uploads/2024/12/한국투자캐피탈.png,한국투자캐피탈.png,873,588,873,588,일치,image/png,/wp-content/uploads/2024/12/한국투자캐피탈.png,원본 파일,,633763,200,image/png,633763,한국투자캐피탈,,,2024-12-18,1252,,unknown,unknown,,placeholder,unknown,,,,yes,다른 media와 동일 추정,"원본 파일/라이선스 미확인 (D-13), 고객사 로고·간판 포함 여부 확인 필요 — 확인 전까지 placeholder, alt 원문 없음"
46,Projects,P2,src/data/projects/project-1257.json,project-1257,IBK기업은행 스마트금융 상시 운영,1257,images[0],978,978,data,/wp-content/uploads/2024/04/기업은행.jpg,기업은행.jpg,2560,1707,2560,1707,일치,image/jpeg,/wp-content/uploads/2024/04/기업은행.jpg,원본 파일,,454772,200,image/jpeg,454772,기업은행,,,2024-04-17,973,,unknown,unknown,,placeholder,unknown,,,,yes,URL 5회,"원본 파일/라이선스 미확인 (D-13), 고객사 로고·간판 포함 여부 확인 필요 — 확인 전까지 placeholder, alt 원문 없음 / 여러 프로젝트에서 공유되는 이미지 (4건)"
47,Projects,P2,src/data/projects/project-1270.json,project-1270,IBK연금보험 정보시스템 운영,1270,images[0],1271,1271,data,/wp-content/uploads/2024/12/IBK연금보험.png,IBK연금보험.png,784,695,784,695,일치,image/png,/wp-content/uploads/2024/12/IBK연금보험.png,원본 파일,,839074,200,image/png,839074,IBK연금보험,,,2024-12-18,1270,,unknown,unknown,,placeholder,unknown,,,,yes,,"원본 파일/라이선스 미확인 (D-13), 고객사 로고·간판 포함 여부 확인 필요 — 확인 전까지 placeholder, alt 원문 없음"
48,Projects,P2,src/data/projects/project-1279.json,project-1279,티알엔 정보시스템 운영 용역 (TAS),1279,images[0],1281,1281,data,/wp-content/uploads/2024/12/쇼핑엔티.png,쇼핑엔티.png,788,595,788,595,일치,image/png,/wp-content/uploads/2024/12/쇼핑엔티.png,원본 파일,,704953,200,image/png,704953,쇼핑엔티,,,2024-12-18,1279,,unknown,unknown,,placeholder,unknown,,,,yes,다른 media와 동일 추정,"원본 파일/라이선스 미확인 (D-13), 고객사 로고·간판 포함 여부 확인 필요 — 확인 전까지 placeholder, alt 원문 없음"
49,Projects,P2,src/data/projects/project-1283.json,project-1283,"경동나비엔, Next나비엔 DB 암호화",1283,images[0],1286,1286,data,/wp-content/uploads/2024/12/FFFJTUJDXN36YWS3Q2CWN7MUTY.jpg,FFFJTUJDXN36YWS3Q2CWN7MUTY.jpg,700,488,700,488,일치,image/jpeg,/wp-content/uploads/2024/12/FFFJTUJDXN36YWS3Q2CWN7MUTY.jpg,원본 파일,,49068,200,image/jpeg,49068,FFFJTUJDXN36YWS3Q2CWN7MUTY,,,2024-12-19,1283,,unknown,unknown,,placeholder,unknown,,,,yes,URL 5회,"원본 파일/라이선스 미확인 (D-13), 고객사 로고·간판 포함 여부 확인 필요 — 확인 전까지 placeholder, alt 원문 없음 / 여러 프로젝트에서 공유되는 이미지 (5건) / 파일명상 언론사 기사 이미지로 추정"
50,Projects,P2,src/data/projects/project-1444.json,project-1444,산림조합중앙회 차세대시스템 유지보수 계약,1444,images[0],1448,1448,data,/wp-content/uploads/2025/07/변환_20210629103654078126_1.jpg,변환_20210629103654078126_1.jpg,1280,853,1280,853,일치,image/jpeg,/wp-content/uploads/2025/07/변환_20210629103654078126_1.jpg,원본 파일,,815670,200,image/jpeg,815670,변환_20210629103654078126_1,,,2025-07-10,1444,,unknown,unknown,,placeholder,unknown,,,,yes,URL 2회,"원본 파일/라이선스 미확인 (D-13), 고객사 로고·간판 포함 여부 확인 필요 — 확인 전까지 placeholder, alt 원문 없음 / 여러 프로젝트에서 공유되는 이미지 (2건)"
51,Projects,P2,src/data/projects/project-1450.json,project-1450,"경동나비엔, 파트너포탈 DB암호화 솔루션 공급",1450,images[0],1286,1286,data,/wp-content/uploads/2024/12/FFFJTUJDXN36YWS3Q2CWN7MUTY.jpg,FFFJTUJDXN36YWS3Q2CWN7MUTY.jpg,700,488,700,488,일치,image/jpeg,/wp-content/uploads/2024/12/FFFJTUJDXN36YWS3Q2CWN7MUTY.jpg,원본 파일,,49068,200,image/jpeg,49068,FFFJTUJDXN36YWS3Q2CWN7MUTY,,,2024-12-19,1283,,unknown,unknown,,placeholder,unknown,,,,yes,URL 5회,"원본 파일/라이선스 미확인 (D-13), 고객사 로고·간판 포함 여부 확인 필요 — 확인 전까지 placeholder, alt 원문 없음 / 여러 프로젝트에서 공유되는 이미지 (5건) / 파일명상 언론사 기사 이미지로 추정"
52,Projects,P2,src/data/projects/project-1452.json,project-1452,"경동나비엔, 중국 CIC DB암호화 솔루션 공급",1452,images[0],1286,1286,data,/wp-content/uploads/2024/12/FFFJTUJDXN36YWS3Q2CWN7MUTY.jpg,FFFJTUJDXN36YWS3Q2CWN7MUTY.jpg,700,488,700,488,일치,image/jpeg,/wp-content/uploads/2024/12/FFFJTUJDXN36YWS3Q2CWN7MUTY.jpg,원본 파일,,49068,200,image/jpeg,49068,FFFJTUJDXN36YWS3Q2CWN7MUTY,,,2024-12-19,1283,,unknown,unknown,,placeholder,unknown,,,,yes,URL 5회,"원본 파일/라이선스 미확인 (D-13), 고객사 로고·간판 포함 여부 확인 필요 — 확인 전까지 placeholder, alt 원문 없음 / 여러 프로젝트에서 공유되는 이미지 (5건) / 파일명상 언론사 기사 이미지로 추정"
53,Projects,P2,src/data/projects/project-1454.json,project-1454,"경동나비엔, 파트너포탈 DB암호화 솔루션 공급",1454,images[0],1286,1286,data,/wp-content/uploads/2024/12/FFFJTUJDXN36YWS3Q2CWN7MUTY.jpg,FFFJTUJDXN36YWS3Q2CWN7MUTY.jpg,700,488,700,488,일치,image/jpeg,/wp-content/uploads/2024/12/FFFJTUJDXN36YWS3Q2CWN7MUTY.jpg,원본 파일,,49068,200,image/jpeg,49068,FFFJTUJDXN36YWS3Q2CWN7MUTY,,,2024-12-19,1283,,unknown,unknown,,placeholder,unknown,,,,yes,URL 5회,"원본 파일/라이선스 미확인 (D-13), 고객사 로고·간판 포함 여부 확인 필요 — 확인 전까지 placeholder, alt 원문 없음 / 여러 프로젝트에서 공유되는 이미지 (5건) / 파일명상 언론사 기사 이미지로 추정"
54,Projects,P2,src/data/projects/project-1456.json,project-1456,"경동나비엔, 영국법인 상담시스템 DB암호화 솔루션 공급",1456,images[0],1286,1286,data,/wp-content/uploads/2024/12/FFFJTUJDXN36YWS3Q2CWN7MUTY.jpg,FFFJTUJDXN36YWS3Q2CWN7MUTY.jpg,700,488,700,488,일치,image/jpeg,/wp-content/uploads/2024/12/FFFJTUJDXN36YWS3Q2CWN7MUTY.jpg,원본 파일,,49068,200,image/jpeg,49068,FFFJTUJDXN36YWS3Q2CWN7MUTY,,,2024-12-19,1283,,unknown,unknown,,placeholder,unknown,,,,yes,URL 5회,"원본 파일/라이선스 미확인 (D-13), 고객사 로고·간판 포함 여부 확인 필요 — 확인 전까지 placeholder, alt 원문 없음 / 여러 프로젝트에서 공유되는 이미지 (5건) / 파일명상 언론사 기사 이미지로 추정"
55,Projects,P2,src/data/projects/project-1471.json,project-1471,SC제일은행 우체국 공동창구 업무개발,1471,images[0],1098,1098,data,/wp-content/uploads/2024/05/scbk.jpg,scbk.jpg,1000,1000,1000,1000,일치,image/jpeg,/wp-content/uploads/2024/05/scbk.jpg,원본 파일,,949610,200,image/jpeg,949610,scbk,,,2024-05-08,1097,,unknown,unknown,,placeholder,unknown,,,,yes,URL 17회,"원본 파일/라이선스 미확인 (D-13), 고객사 로고·간판 포함 여부 확인 필요 — 확인 전까지 placeholder, alt 원문 없음 / 여러 프로젝트에서 공유되는 이미지 (17건)"
56,Projects,P2,src/data/projects/project-1473.json,project-1473,SC제일은행 ISO20022 대응 개발,1473,images[0],1098,1098,data,/wp-content/uploads/2024/05/scbk.jpg,scbk.jpg,1000,1000,1000,1000,일치,image/jpeg,/wp-content/uploads/2024/05/scbk.jpg,원본 파일,,949610,200,image/jpeg,949610,scbk,,,2024-05-08,1097,,unknown,unknown,,placeholder,unknown,,,,yes,URL 17회,"원본 파일/라이선스 미확인 (D-13), 고객사 로고·간판 포함 여부 확인 필요 — 확인 전까지 placeholder, alt 원문 없음 / 여러 프로젝트에서 공유되는 이미지 (17건)"
57,Projects,P2,src/data/projects/project-1475.json,project-1475,SC제일은행 당행자금집금 개선 개발,1475,images[0],1098,1098,data,/wp-content/uploads/2024/05/scbk.jpg,scbk.jpg,1000,1000,1000,1000,일치,image/jpeg,/wp-content/uploads/2024/05/scbk.jpg,원본 파일,,949610,200,image/jpeg,949610,scbk,,,2024-05-08,1097,,unknown,unknown,,placeholder,unknown,,,,yes,URL 17회,"원본 파일/라이선스 미확인 (D-13), 고객사 로고·간판 포함 여부 확인 필요 — 확인 전까지 placeholder, alt 원문 없음 / 여러 프로젝트에서 공유되는 이미지 (17건)"
58,Projects,P2,src/data/projects/project-1477.json,project-1477,SC제일은행 예금보험공사 동향보고서 관련 개발,1477,images[0],1098,1098,data,/wp-content/uploads/2024/05/scbk.jpg,scbk.jpg,1000,1000,1000,1000,일치,image/jpeg,/wp-content/uploads/2024/05/scbk.jpg,원본 파일,,949610,200,image/jpeg,949610,scbk,,,2024-05-08,1097,,unknown,unknown,,placeholder,unknown,,,,yes,URL 17회,"원본 파일/라이선스 미확인 (D-13), 고객사 로고·간판 포함 여부 확인 필요 — 확인 전까지 placeholder, alt 원문 없음 / 여러 프로젝트에서 공유되는 이미지 (17건)"
59,Projects,P2,src/data/projects/project-1479.json,project-1479,SC제일은행 CRA 법인모델 개선(CIB) 프로젝트,1479,images[0],1098,1098,data,/wp-content/uploads/2024/05/scbk.jpg,scbk.jpg,1000,1000,1000,1000,일치,image/jpeg,/wp-content/uploads/2024/05/scbk.jpg,원본 파일,,949610,200,image/jpeg,949610,scbk,,,2024-05-08,1097,,unknown,unknown,,placeholder,unknown,,,,yes,URL 17회,"원본 파일/라이선스 미확인 (D-13), 고객사 로고·간판 포함 여부 확인 필요 — 확인 전까지 placeholder, alt 원문 없음 / 여러 프로젝트에서 공유되는 이미지 (17건)"
60,Projects,P2,src/data/projects/project-1481.json,project-1481,SC제일은행 상생 보증부 대출 전문 개발 프로젝트,1481,images[0],1098,1098,data,/wp-content/uploads/2024/05/scbk.jpg,scbk.jpg,1000,1000,1000,1000,일치,image/jpeg,/wp-content/uploads/2024/05/scbk.jpg,원본 파일,,949610,200,image/jpeg,949610,scbk,,,2024-05-08,1097,,unknown,unknown,,placeholder,unknown,,,,yes,URL 17회,"원본 파일/라이선스 미확인 (D-13), 고객사 로고·간판 포함 여부 확인 필요 — 확인 전까지 placeholder, alt 원문 없음 / 여러 프로젝트에서 공유되는 이미지 (17건)"
61,Projects,P2,src/data/projects/project-1483.json,project-1483,SC제일은행 대외계 서버 메인 엔진 교체에 따른 방카 시스템 대응개발,1483,images[0],1098,1098,data,/wp-content/uploads/2024/05/scbk.jpg,scbk.jpg,1000,1000,1000,1000,일치,image/jpeg,/wp-content/uploads/2024/05/scbk.jpg,원본 파일,,949610,200,image/jpeg,949610,scbk,,,2024-05-08,1097,,unknown,unknown,,placeholder,unknown,,,,yes,URL 17회,"원본 파일/라이선스 미확인 (D-13), 고객사 로고·간판 포함 여부 확인 필요 — 확인 전까지 placeholder, alt 원문 없음 / 여러 프로젝트에서 공유되는 이미지 (17건)"
62,Projects,P2,src/data/projects/project-1485.json,project-1485,SC제일은행 햇살론 119 전문 개발 프로젝트,1485,images[0],1098,1098,data,/wp-content/uploads/2024/05/scbk.jpg,scbk.jpg,1000,1000,1000,1000,일치,image/jpeg,/wp-content/uploads/2024/05/scbk.jpg,원본 파일,,949610,200,image/jpeg,949610,scbk,,,2024-05-08,1097,,unknown,unknown,,placeholder,unknown,,,,yes,URL 17회,"원본 파일/라이선스 미확인 (D-13), 고객사 로고·간판 포함 여부 확인 필요 — 확인 전까지 placeholder, alt 원문 없음 / 여러 프로젝트에서 공유되는 이미지 (17건)"
63,Projects,P2,src/data/projects/project-1487.json,project-1487,SC제일은행 집중도 프로세스 도입,1487,images[0],1098,1098,data,/wp-content/uploads/2024/05/scbk.jpg,scbk.jpg,1000,1000,1000,1000,일치,image/jpeg,/wp-content/uploads/2024/05/scbk.jpg,원본 파일,,949610,200,image/jpeg,949610,scbk,,,2024-05-08,1097,,unknown,unknown,,placeholder,unknown,,,,yes,URL 17회,"원본 파일/라이선스 미확인 (D-13), 고객사 로고·간판 포함 여부 확인 필요 — 확인 전까지 placeholder, alt 원문 없음 / 여러 프로젝트에서 공유되는 이미지 (17건)"
64,Projects,P2,src/data/projects/project-1489.json,project-1489,SC제일은행 펀드 프로세스개선_Peer Review Action 이행,1489,images[0],1098,1098,data,/wp-content/uploads/2024/05/scbk.jpg,scbk.jpg,1000,1000,1000,1000,일치,image/jpeg,/wp-content/uploads/2024/05/scbk.jpg,원본 파일,,949610,200,image/jpeg,949610,scbk,,,2024-05-08,1097,,unknown,unknown,,placeholder,unknown,,,,yes,URL 17회,"원본 파일/라이선스 미확인 (D-13), 고객사 로고·간판 포함 여부 확인 필요 — 확인 전까지 placeholder, alt 원문 없음 / 여러 프로젝트에서 공유되는 이미지 (17건)"
65,Projects,P2,src/data/projects/project-1491.json,project-1491,SC제일은행 신용대출 신청화면 신설 프로젝트,1491,images[0],1098,1098,data,/wp-content/uploads/2024/05/scbk.jpg,scbk.jpg,1000,1000,1000,1000,일치,image/jpeg,/wp-content/uploads/2024/05/scbk.jpg,원본 파일,,949610,200,image/jpeg,949610,scbk,,,2024-05-08,1097,,unknown,unknown,,placeholder,unknown,,,,yes,URL 17회,"원본 파일/라이선스 미확인 (D-13), 고객사 로고·간판 포함 여부 확인 필요 — 확인 전까지 placeholder, alt 원문 없음 / 여러 프로젝트에서 공유되는 이미지 (17건)"
66,Projects,P2,src/data/projects/project-1512.json,project-1512,산림조합중앙회 재해복구(DR) 유지보수,1512,images[0],1448,1448,data,/wp-content/uploads/2025/07/변환_20210629103654078126_1.jpg,변환_20210629103654078126_1.jpg,1280,853,1280,853,일치,image/jpeg,/wp-content/uploads/2025/07/변환_20210629103654078126_1.jpg,원본 파일,,815670,200,image/jpeg,815670,변환_20210629103654078126_1,,,2025-07-10,1444,,unknown,unknown,,placeholder,unknown,,,,yes,URL 2회,"원본 파일/라이선스 미확인 (D-13), 고객사 로고·간판 포함 여부 확인 필요 — 확인 전까지 placeholder, alt 원문 없음 / 여러 프로젝트에서 공유되는 이미지 (2건)"
67,Projects,P2,src/data/projects/project-1519.json,project-1519,애큐온저축은행 채널 운영,1519,images[0],1186,1186,data,/wp-content/uploads/2024/12/애큐온저축은행전경.jpg,애큐온저축은행전경.jpg,750,510,750,510,일치,image/jpeg,/wp-content/uploads/2024/12/애큐온저축은행전경.jpg,원본 파일,,113944,200,image/jpeg,113944,애큐온저축은행(전경),,,2024-12-14,,,unknown,unknown,,placeholder,unknown,,,,yes,,"원본 파일/라이선스 미확인 (D-13), 고객사 로고·간판 포함 여부 확인 필요 — 확인 전까지 placeholder, alt 원문 없음"
68,Projects,P2,src/data/projects/project-1537.json,project-1537,SC제일은행 모바일뱅킹 마이데이터 서비스 개선,1537,images[0],1098,1098,data,/wp-content/uploads/2024/05/scbk.jpg,scbk.jpg,1000,1000,1000,1000,일치,image/jpeg,/wp-content/uploads/2024/05/scbk.jpg,원본 파일,,949610,200,image/jpeg,949610,scbk,,,2024-05-08,1097,,unknown,unknown,,placeholder,unknown,,,,yes,URL 17회,"원본 파일/라이선스 미확인 (D-13), 고객사 로고·간판 포함 여부 확인 필요 — 확인 전까지 placeholder, alt 원문 없음 / 여러 프로젝트에서 공유되는 이미지 (17건)"
69,Projects,P2,src/data/projects/project-1542.json,project-1542,한국투자저축은행 ‘계정·채널 통합관리’ 정보시스템 유지보수,1542,images[0],1557,1557,data,/wp-content/uploads/2025/12/Image333jpg-2.jpg,Image333jpg-2.jpg,1764,1312,1764,1312,일치,image/jpeg,/wp-content/uploads/2025/12/Image333jpg-2.jpg,원본 파일,,422763,200,image/jpeg,422763,Image333jpg,,,2025-12-02,1542,,unknown,unknown,,placeholder,unknown,,,,yes,,"원본 파일/라이선스 미확인 (D-13), 고객사 로고·간판 포함 여부 확인 필요 — 확인 전까지 placeholder, alt 원문 없음"
70,Projects,P2,src/data/projects/project-1565.json,project-1565,흥국화재 IT 어플리케이션 유지보수,1565,images[0],620,620,data,/wp-content/uploads/2024/04/흥국생명_해머링맨.jpeg,흥국생명_해머링맨.jpeg,1280,853,1280,853,일치,image/jpeg,/wp-content/uploads/2024/04/흥국생명_해머링맨.jpeg,원본 파일,,1003069,200,image/jpeg,1003069,흥국생명_해머링맨,,,2024-04-03,406,,unknown,unknown,,placeholder,unknown,,,,yes,URL 4회,"원본 파일/라이선스 미확인 (D-13), 고객사 로고·간판 포함 여부 확인 필요 — 확인 전까지 placeholder, alt 원문 없음 / 여러 프로젝트에서 공유되는 이미지 (2건)"
71,Projects,P2,src/data/projects/project-1572.json,project-1572,농협은행 NEO 계정계 차세대 구축 / 외국환 개선,1572,images[0],1576,1576,data,/wp-content/uploads/2026/02/BandiView_0gPaz2_cx57RKeIF-3_nipm6PsOn-ipVf0W6FqA8OAJbkO7wefiJNjrMZ3eiUv0kXbWKphrbjwu0LC79tHqcR7p6v3mAL9j_weUk5g6ye6sUI3KNIbC8ATQj-MUwG-RaznJzMFo_s9ztsuZRsm8lag.jpg,BandiView_0gPaz2_cx57RKeIF-3_nipm6PsOn-ipVf0W6FqA8OAJbkO7wefiJNjrMZ3eiUv0kXbWKphrbjwu0LC79tHqcR7p6v3mAL9j_weUk5g6ye6sUI3KNIbC8ATQj-MUwG-RaznJzMFo_s9ztsuZRsm8lag.jpg,1280,720,1280,720,일치,image/jpeg,/wp-content/uploads/2026/02/BandiView_0gPaz2_cx57RKeIF-3_nipm6PsOn-ipVf0W6FqA8OAJbkO7wefiJNjrMZ3eiUv0kXbWKphrbjwu0LC79tHqcR7p6v3mAL9j_weUk5g6ye6sUI3KNIbC8ATQj-MUwG-RaznJzMFo_s9ztsuZRsm8lag.jpg,원본 파일,,351212,200,image/jpeg,351212,BandiView_0gPaz2_cx57RKeIF-3_nipm6PsOn-ipVf0W6FqA8OAJbkO7wefiJNjrMZ3eiUv0kXbWKphrbjwu0LC79tHqcR7p6v3mAL9j_weUk5g6ye6sUI3KNIbC8ATQj-MUwG-RaznJzMFo_s9ztsuZRsm8lag,,,2026-02-11,1572,,unknown,unknown,,placeholder,unknown,,,,yes,,"원본 파일/라이선스 미확인 (D-13), 고객사 로고·간판 포함 여부 확인 필요 — 확인 전까지 placeholder, alt 원문 없음"
72,Projects,P2,src/data/projects/project-406.json,project-406,흥국생명 IT 어플리케이션 유지보수,406,images[0],620,620,data,/wp-content/uploads/2024/04/흥국생명_해머링맨.jpeg,흥국생명_해머링맨.jpeg,1280,853,1280,853,일치,image/jpeg,/wp-content/uploads/2024/04/흥국생명_해머링맨.jpeg,원본 파일,,1003069,200,image/jpeg,1003069,흥국생명_해머링맨,,,2024-04-03,406,,unknown,unknown,,placeholder,unknown,,,,yes,URL 4회,"원본 파일/라이선스 미확인 (D-13), 고객사 로고·간판 포함 여부 확인 필요 — 확인 전까지 placeholder, alt 원문 없음 / 여러 프로젝트에서 공유되는 이미지 (2건)"
73,Projects,P2,src/data/projects/project-406.json,project-406,흥국생명 IT 어플리케이션 유지보수,406,images[1],615,615,data,/wp-content/uploads/2024/04/흥국생명_현장_흑백2.jpeg,흥국생명_현장_흑백2.jpeg,1292,968,1292,968,일치,image/jpeg,/wp-content/uploads/2024/04/흥국생명_현장_흑백2.jpeg,원본 파일,,384854,200,image/jpeg,384854,흥국생명_현장_흑백2,,,2024-04-03,406,,unknown,unknown,,placeholder,unknown,,,,yes,,"원본 파일/라이선스 미확인 (D-13), 고객사 로고·간판 포함 여부 확인 필요 — 확인 전까지 placeholder, alt 원문 없음"
74,Projects,P2,src/data/projects/project-973.json,project-973,IBK기업은행 정보시스템 운영,973,images[0],978,978,data,/wp-content/uploads/2024/04/기업은행.jpg,기업은행.jpg,2560,1707,2560,1707,일치,image/jpeg,/wp-content/uploads/2024/04/기업은행.jpg,원본 파일,,454772,200,image/jpeg,454772,기업은행,,,2024-04-17,973,,unknown,unknown,,placeholder,unknown,,,,yes,URL 5회,"원본 파일/라이선스 미확인 (D-13), 고객사 로고·간판 포함 여부 확인 필요 — 확인 전까지 placeholder, alt 원문 없음 / 여러 프로젝트에서 공유되는 이미지 (4건)"
75,Projects,P2,src/data/projects/project-982.json,project-982,Nike Korea Ltd. Retail & Logistics Tech Support,982,images[0],983,983,data,/wp-content/uploads/2024/04/KakaoTalk_20240419_124857145.jpg,KakaoTalk_20240419_124857145.jpg,764,764,764,764,일치,image/jpeg,/wp-content/uploads/2024/04/KakaoTalk_20240419_124857145.jpg,원본 파일,,262733,200,image/jpeg,262733,KakaoTalk_20240419_124857145,,,2024-04-19,982,,unknown,unknown,,placeholder,unknown,,,,yes,,"원본 파일/라이선스 미확인 (D-13), 고객사 로고·간판 포함 여부 확인 필요 — 확인 전까지 placeholder, alt 원문 없음 / 메신저(KakaoTalk) 사진 파일"
76,Projects,P2,src/data/projects/project-982.json,project-982,Nike Korea Ltd. Retail & Logistics Tech Support,982,images[1],984,984,data,/wp-content/uploads/2024/04/KakaoTalk_20240419_124915889.jpg,KakaoTalk_20240419_124915889.jpg,445,445,445,445,일치,image/jpeg,/wp-content/uploads/2024/04/KakaoTalk_20240419_124915889.jpg,원본 파일,,80729,200,image/jpeg,80729,KakaoTalk_20240419_124915889,,,2024-04-19,982,,unknown,unknown,,placeholder,unknown,,,,yes,,"원본 파일/라이선스 미확인 (D-13), 고객사 로고·간판 포함 여부 확인 필요 — 확인 전까지 placeholder, alt 원문 없음 / 메신저(KakaoTalk) 사진 파일"
77,Projects,P2,src/data/projects/project-992.json,project-992,현대차증권 IT아웃소싱 외주개발 도급계약,992,images[0],993,993,data,/wp-content/uploads/2024/04/현대차증권_사옥최종_135853183.jpg,현대차증권_사옥최종_135853183.jpg,1200,800,1200,800,일치,image/jpeg,/wp-content/uploads/2024/04/현대차증권_사옥최종_135853183.jpg,원본 파일,,460713,200,image/jpeg,460713,현대차증권_사옥(최종)_135853183,,,2024-04-24,992,,unknown,unknown,,placeholder,unknown,,,,yes,,"원본 파일/라이선스 미확인 (D-13), 고객사 로고·간판 포함 여부 확인 필요 — 확인 전까지 placeholder, alt 원문 없음"
78,Business,P1,src/data/business/infrastructure.json,infrastructure,INFRASTRUCTURE,279,thumbnail,1345,1345,data,/wp-content/uploads/2024/02/20250616_1617_데이터-센터-내부_remix_01jxvsg7pef4hbn15ccrh1qsr5-e1750058440891.png,20250616_1617_데이터-센터-내부_remix_01jxvsg7pef4hbn15ccrh1qsr5-e1750058440891.png,1536,414,1536,414,일치,image/png,/wp-content/uploads/2024/02/20250616_1617_데이터-센터-내부_remix_01jxvsg7pef4hbn15ccrh1qsr5-e1750058440891.png,원본 파일,,3423127,200,image/png,1299164,20250616_1617_데이터 센터 내부_remix_01jxvsg7pef4hbn15ccrh1qsr5,,,2025-06-16,279,,unknown,unknown,,placeholder,suspected-ai,suspected-ai,review 메모 + 파일명 패턴,,,,"파일명 `…remix_01jx…` — AI 생성 이미지로 추정, 확인 필요"
79,Business,P1,src/data/business/infrastructure.json,infrastructure,INFRASTRUCTURE,279,contents[2].image,1346,1346,data,/wp-content/uploads/2024/02/Infrastructure-Maintenance.png,Infrastructure-Maintenance.png,1536,1024,1536,1024,일치,image/png,/wp-content/uploads/2024/02/Infrastructure-Maintenance.png,원본 파일,,2298893,200,image/png,2298893,Infrastructure Maintenance,,,2025-06-16,279,,unknown,unknown,,placeholder,unknown,,,,,,
80,Business,P1,src/data/business/infrastructure.json,infrastructure,INFRASTRUCTURE,279,contents[4].tabs[0].image,1349,1349,data,/wp-content/uploads/2024/02/20250616_1544_IT-솔루션-풍경_simple_compose_01jxvqmgymee2tsqdgkkmn4zck.png,20250616_1544_IT-솔루션-풍경_simple_compose_01jxvqmgymee2tsqdgkkmn4zck.png,1536,1024,1536,1024,일치,image/png,/wp-content/uploads/2024/02/20250616_1544_IT-솔루션-풍경_simple_compose_01jxvqmgymee2tsqdgkkmn4zck.png,원본 파일,,2413844,200,image/png,2413844,20250616_1544_IT 솔루션 풍경_simple_compose_01jxvqmgymee2tsqdgkkmn4zck,,,2025-06-16,279,,unknown,unknown,,placeholder,suspected-ai,suspected-ai,review 메모 + 파일명 패턴,,,,"파일명 `…simple_compose_01jx…` 3건 — AI 생성 이미지로 추정, 확인 필요"
81,Business,P1,src/data/business/infrastructure.json,infrastructure,INFRASTRUCTURE,279,contents[4].tabs[1].image,1348,1348,data,/wp-content/uploads/2024/02/20250616_1515_맞춤형-IT-인프라-서비스_simple_compose_01jxvnzyvxe9yb5631y5jgt560.png,20250616_1515_맞춤형-IT-인프라-서비스_simple_compose_01jxvnzyvxe9yb5631y5jgt560.png,1536,1024,1536,1024,일치,image/png,/wp-content/uploads/2024/02/20250616_1515_맞춤형-IT-인프라-서비스_simple_compose_01jxvnzyvxe9yb5631y5jgt560.png,원본 파일,,2421542,200,image/png,2421542,20250616_1515_맞춤형 IT 인프라 서비스_simple_compose_01jxvnzyvxe9yb5631y5jgt560,,,2025-06-16,279,,unknown,unknown,,placeholder,suspected-ai,suspected-ai,review 메모 + 파일명 패턴,,,,"파일명 `…simple_compose_01jx…` 3건 — AI 생성 이미지로 추정, 확인 필요"
82,Business,P1,src/data/business/infrastructure.json,infrastructure,INFRASTRUCTURE,279,contents[4].tabs[2].image,1347,1347,data,/wp-content/uploads/2024/02/20250616_1532_클라우드-혁신-솔루션_simple_compose_01jxvpypaye5fstxhjhsxscbfz.png,20250616_1532_클라우드-혁신-솔루션_simple_compose_01jxvpypaye5fstxhjhsxscbfz.png,1536,1024,1536,1024,일치,image/png,/wp-content/uploads/2024/02/20250616_1532_클라우드-혁신-솔루션_simple_compose_01jxvpypaye5fstxhjhsxscbfz.png,원본 파일,,2199008,200,image/png,2199008,20250616_1532_클라우드 혁신 솔루션_simple_compose_01jxvpypaye5fstxhjhsxscbfz,,,2025-06-16,279,,unknown,unknown,,placeholder,suspected-ai,suspected-ai,review 메모 + 파일명 패턴,,,,"파일명 `…simple_compose_01jx…` 3건 — AI 생성 이미지로 추정, 확인 필요"
83,Business,P1,src/data/business/it-outsourcing.json,it-outsourcing,IT OUTSOURCING,271,thumbnail,283,283,data,/wp-content/uploads/2024/02/Frame-63.png,Frame-63.png,1688,301,1688,301,일치,image/png,/wp-content/uploads/2024/02/Frame-63.png,원본 파일,,324446,200,image/png,324446,Frame 63,,,2024-02-23,271,,unknown,unknown,,placeholder,unknown,,,,,,`Frame-63.png` 1688×301 배너 — 이미지 속 텍스트 여부/출처 미확인
84,Business,P1,src/data/business/it-outsourcing.json,it-outsourcing,IT OUTSOURCING,271,contents[2].image,1343,1343,data,/wp-content/uploads/2024/02/unnamed.jpg,unnamed.jpg,1024,1024,1024,1024,일치,image/jpeg,/wp-content/uploads/2024/02/unnamed.jpg,원본 파일,,199970,200,image/jpeg,199970,unnamed,,,2025-06-12,271,,unknown,unknown,,placeholder,unknown,,,,,,
85,Business,P1,src/data/business/it-outsourcing.json,it-outsourcing,IT OUTSOURCING,271,contents[6].image,945,945,data,/wp-content/uploads/2024/02/KakaoTalk_20240407_192948675.jpg,KakaoTalk_20240407_192948675.jpg,1440,610,1440,610,일치,image/jpeg,/wp-content/uploads/2024/02/KakaoTalk_20240407_192948675.jpg,원본 파일,,216915,200,image/jpeg,216915,KakaoTalk_20240407_192948675,,,2024-04-08,271,,unknown,unknown,,placeholder,unknown,,,,,,"파일명 `KakaoTalk_…jpg` — 메신저 전달 이미지, 출처/권리 미확인"
86,Business,P1,src/data/business/it-outsourcing.json,it-outsourcing,IT OUTSOURCING,271,contents[9].tabs[0].image,1342,1342,data,/wp-content/uploads/2024/02/7d299c3d-f0e8-4371-beca-547dbfab7407.png,7d299c3d-f0e8-4371-beca-547dbfab7407.png,1536,1024,1536,1024,일치,image/png,/wp-content/uploads/2024/02/7d299c3d-f0e8-4371-beca-547dbfab7407.png,원본 파일,,2435424,200,image/png,2435424,7d299c3d-f0e8-4371-beca-547dbfab7407,,,2025-06-12,271,,unknown,unknown,,placeholder,unknown,,,,,,
87,Business,P1,src/data/business/it-outsourcing.json,it-outsourcing,IT OUTSOURCING,271,contents[9].tabs[1].image,943,943,data,/wp-content/uploads/2024/02/dylan-gillis-KdeqA3aTnBY-unsplash-scaled.jpg,dylan-gillis-KdeqA3aTnBY-unsplash-scaled.jpg,2560,1707,2560,1707,일치,image/jpeg,/wp-content/uploads/2024/02/dylan-gillis-KdeqA3aTnBY-unsplash-scaled.jpg,WP -scaled 파일 (원본은 original_image),dylan-gillis-KdeqA3aTnBY-unsplash.jpg,365069,200,image/jpeg,365069,dylan-gillis-KdeqA3aTnBY-unsplash,,,2024-04-05,271,,unknown,unknown,,placeholder,external,external,,파일명(unsplash) + review 메모(Unsplash),,,"파일명 `…unsplash…` — Unsplash 이미지로 추정, 라이선스/출처 표기 미확인"
88,Business,P1,src/data/business/it-outsourcing.json,it-outsourcing,IT OUTSOURCING,271,contents[9].tabs[2].image,829,829,data,/wp-content/uploads/2024/02/sla.png,sla.png,1435,486,1435,486,일치,image/png,/wp-content/uploads/2024/02/sla.png,원본 파일,,174265,200,image/png,174265,sla,,,2024-04-04,271,,unknown,unknown,,placeholder,unknown,,,,,,파일명 `sla.png` — 이미지 속 텍스트 여부/출처 미확인
89,Business,P1,src/data/business/solution.json,solution,SOLUTION,280,thumbnail,359,359,data,/wp-content/uploads/2024/02/unsplash_7aakZdIl4vg-e1711695367674.jpg,unsplash_7aakZdIl4vg-e1711695367674.jpg,1485,264,1485,264,일치,image/jpeg,/wp-content/uploads/2024/02/unsplash_7aakZdIl4vg-e1711695367674.jpg,원본 파일,,1649170,200,image/jpeg,67885,unsplash_7aakZdIl4vg,,,2024-03-13,280,,unknown,unknown,,placeholder,external,external,,파일명(unsplash) + review 메모(Unsplash),,,"파일명 `unsplash_…` — Unsplash 이미지로 추정, 라이선스/출처 표기 미확인"
90,Business,P1,src/data/business/solution.json,solution,SOLUTION,280,contents[2].image,1432,1432,data,/wp-content/uploads/2024/02/ChatGPT-Image-2025년-7월-9일-오후-02_27_33.png,ChatGPT-Image-2025년-7월-9일-오후-02_27_33.png,1536,1024,1536,1024,일치,image/png,/wp-content/uploads/2024/02/ChatGPT-Image-2025년-7월-9일-오후-02_27_33.png,원본 파일,,1789192,200,image/png,1789192,ChatGPT Image 2025년 7월 9일 오후 02_27_33,,,2025-07-09,280,,unknown,unknown,,placeholder,suspected-ai,suspected-ai,review 메모 + 파일명 패턴,,,,파일명 `ChatGPT-Image-…` — AI 생성 이미지로 추정. 이미지 속 `SOLUTION` 텍스트 포함
91,Business,P1,src/data/business/solution.json,solution,SOLUTION,280,contents[4].tabs[0].image,1437,1437,data,/wp-content/uploads/2024/02/20250709_1728_스캔-파일-업스케일링_remix_01jzq4q12xf6etd3mhrbzp7yan.png,20250709_1728_스캔-파일-업스케일링_remix_01jzq4q12xf6etd3mhrbzp7yan.png,1024,1024,1024,1024,일치,image/png,/wp-content/uploads/2024/02/20250709_1728_스캔-파일-업스케일링_remix_01jzq4q12xf6etd3mhrbzp7yan.png,원본 파일,,648029,200,image/png,648029,20250709_1728_스캔 파일 업스케일링_remix_01jzq4q12xf6etd3mhrbzp7yan,,,2025-07-10,280,,unknown,unknown,,placeholder,suspected-ai,suspected-ai,review 메모 + 파일명 패턴,,,,파일명 `…remix_01jz…` 3건 — AI 생성 이미지로 추정. 이미지 속 제품명 텍스트 포함
92,Business,P1,src/data/business/solution.json,solution,SOLUTION,280,contents[4].tabs[1].image,1439,1439,data,/wp-content/uploads/2024/02/20250709_1757_폰트-크기-축소_remix_01jzq6cdvaf3mbxkxd80a4w6rk.png,20250709_1757_폰트-크기-축소_remix_01jzq6cdvaf3mbxkxd80a4w6rk.png,1024,1024,1024,1024,일치,image/png,/wp-content/uploads/2024/02/20250709_1757_폰트-크기-축소_remix_01jzq6cdvaf3mbxkxd80a4w6rk.png,원본 파일,,816340,200,image/png,816340,20250709_1757_폰트 크기 축소_remix_01jzq6cdvaf3mbxkxd80a4w6rk,,,2025-07-10,280,,unknown,unknown,,placeholder,suspected-ai,suspected-ai,review 메모 + 파일명 패턴,,,,파일명 `…remix_01jz…` 3건 — AI 생성 이미지로 추정. 이미지 속 제품명 텍스트 포함
93,Business,P1,src/data/business/solution.json,solution,SOLUTION,280,contents[4].tabs[2].image,1438,1438,data,/wp-content/uploads/2024/02/20250709_1732_CubeOne-for-SAP_remix_01jzq4ywybeaxvj8jascsw7rkd.png,20250709_1732_CubeOne-for-SAP_remix_01jzq4ywybeaxvj8jascsw7rkd.png,1024,1024,1024,1024,일치,image/png,/wp-content/uploads/2024/02/20250709_1732_CubeOne-for-SAP_remix_01jzq4ywybeaxvj8jascsw7rkd.png,원본 파일,,460421,200,image/png,460421,20250709_1732_CubeOne for SAP_remix_01jzq4ywybeaxvj8jascsw7rkd,,,2025-07-10,280,,unknown,unknown,,placeholder,suspected-ai,suspected-ai,review 메모 + 파일명 패턴,,,,파일명 `…remix_01jz…` 3건 — AI 생성 이미지로 추정. 이미지 속 제품명 텍스트 포함
94,Business,P1,src/data/business/system-integration.json,system-integration,SYSTEM INTEGRATION,278,thumbnail,282,282,data,/wp-content/uploads/2024/02/Frame-62.png,Frame-62.png,1688,301,1688,301,일치,image/png,/wp-content/uploads/2024/02/Frame-62.png,원본 파일,,587628,200,image/png,587628,Frame 62,,,2024-02-23,278,,unknown,unknown,,placeholder,unknown,,,,,,`Frame-62.png` 1688×301 배너 — 이미지 속 텍스트 여부/출처 미확인
95,Business,P1,src/data/business/system-integration.json,system-integration,SYSTEM INTEGRATION,278,contents[2].image,793,793,data,/wp-content/uploads/2024/02/kevin-ku-w7ZyuGYNpRQ-unsplash-scaled.jpg,kevin-ku-w7ZyuGYNpRQ-unsplash-scaled.jpg,2560,1919,2560,1919,일치,image/jpeg,/wp-content/uploads/2024/02/kevin-ku-w7ZyuGYNpRQ-unsplash-scaled.jpg,WP -scaled 파일 (원본은 original_image),kevin-ku-w7ZyuGYNpRQ-unsplash.jpg,467527,200,image/jpeg,467527,kevin-ku-w7ZyuGYNpRQ-unsplash,,,2024-04-04,278,,unknown,unknown,,placeholder,external,external,,파일명(unsplash) + review 메모(Unsplash),,URL 2회,파일명 `kevin-ku-…-unsplash` — Unsplash 이미지로 추정. Home 카드 2 이미지와 동일 파일
96,Partner,—,src/data/partners.json,partner-28,동양생명,28,logo,964,964,data,/wp-content/uploads/2024/02/동양생명.png,동양생명.png,1000,1000,1000,1000,일치,image/png,/wp-content/uploads/2024/02/동양생명.png,원본 파일,,33915,200,image/png,33915,동양생명,,,2024-04-15,28,,unknown,unknown,unknown,data-only (미연결),external,external,,제3자 상표(고객사 로고),,,고객사 로고 사용 권한 미확인 (CLAUDE.md §3) — 확인 전까지 이미지 미사용
97,Partner,P1,src/data/partners.json,partner-266,교보생명,266,logo,402,402,data,/wp-content/uploads/2024/02/교보생명.png,교보생명.png,640,360,640,360,일치,image/png,/wp-content/uploads/2024/02/교보생명.png,원본 파일,,2720,200,image/png,2720,교보생명,,,2024-03-29,266,,unknown,unknown,unknown,"not-rendered (연결됨, 이름 텍스트로 표시)",external,external,,제3자 상표(고객사 로고),,,고객사 로고 사용 권한 미확인 (CLAUDE.md §3) — 확인 전까지 이미지 미사용
98,Partner,P1,src/data/partners.json,partner-396,SBI 저축은행,396,logo,399,399,data,/wp-content/uploads/2024/03/SBI-저축은행.png,SBI-저축은행.png,300,100,300,100,일치,image/png,/wp-content/uploads/2024/03/SBI-저축은행.png,원본 파일,,10382,200,image/png,10382,SBI 저축은행,,,2024-03-29,396,,unknown,unknown,unknown,"not-rendered (연결됨, 이름 텍스트로 표시)",external,external,,제3자 상표(고객사 로고),,,고객사 로고 사용 권한 미확인 (CLAUDE.md §3) — 확인 전까지 이미지 미사용
99,Partner,P1,src/data/partners.json,partner-400,애큐온캐피탈,400,logo,401,401,data,/wp-content/uploads/2024/03/애큐온캐피탈.png,애큐온캐피탈.png,680,137,680,137,일치,image/png,/wp-content/uploads/2024/03/애큐온캐피탈.png,원본 파일,,38975,200,image/png,38975,애큐온캐피탈,,,2024-03-29,400,,unknown,unknown,unknown,"not-rendered (연결됨, 이름 텍스트로 표시)",external,external,,제3자 상표(고객사 로고),,다른 media와 동일 추정,고객사 로고 사용 권한 미확인 (CLAUDE.md §3) — 확인 전까지 이미지 미사용
100,Partner,—,src/data/partners.json,partner-420,쿠팡,420,logo,421,421,data,/wp-content/uploads/2024/04/on-light-background.png,on-light-background.png,712,160,712,160,일치,image/png,/wp-content/uploads/2024/04/on-light-background.png,원본 파일,,9965,200,image/png,9965,on light background,,,2024-04-02,420,,unknown,unknown,unknown,data-only (미연결),external,external,,제3자 상표(고객사 로고),,,고객사 로고 사용 권한 미확인 (CLAUDE.md §3) — 확인 전까지 이미지 미사용
101,Partner,P1,src/data/partners.json,partner-422,나이키,422,logo,986,986,data,/wp-content/uploads/2024/04/Logo_NIKE.svg,Logo_NIKE.svg,,,,,데이터 크기 없음,image/svg+xml,/wp-content/uploads/2024/04/Logo_NIKE.svg,원본 파일,,973,200,image/svg+xml,973,Logo_NIKE,,,2024-04-23,422,,unknown,unknown,unknown,"not-rendered (연결됨, 이름 텍스트로 표시)",external,external,,제3자 상표(고객사 로고),,,고객사 로고 사용 권한 미확인 (CLAUDE.md §3) — 확인 전까지 이미지 미사용 / SVG 로고 — 원본 width/height 메타데이터 없음
102,Partner,—,src/data/partners.json,partner-443,CGV,443,logo,445,445,data,/wp-content/uploads/2024/04/CGV.png,CGV.png,79,35,79,35,일치,image/png,/wp-content/uploads/2024/04/CGV.png,원본 파일,,5664,200,image/png,5664,CGV,,,2024-04-03,443,,unknown,unknown,unknown,data-only (미연결),external,external,,제3자 상표(고객사 로고),,,고객사 로고 사용 권한 미확인 (CLAUDE.md §3) — 확인 전까지 이미지 미사용
103,Partner,—,src/data/partners.json,partner-446,CJ ONE,446,logo,447,447,data,/wp-content/uploads/2024/04/CJ-ONE.png,CJ-ONE.png,400,225,400,225,일치,image/png,/wp-content/uploads/2024/04/CJ-ONE.png,원본 파일,,29957,200,image/png,29957,CJ ONE,,,2024-04-03,446,,unknown,unknown,unknown,data-only (미연결),external,external,,제3자 상표(고객사 로고),,,고객사 로고 사용 권한 미확인 (CLAUDE.md §3) — 확인 전까지 이미지 미사용
104,Partner,—,src/data/partners.json,partner-448,CJ 올리브영,448,logo,449,449,data,/wp-content/uploads/2024/04/CJ-올리브영.png,CJ-올리브영.png,204,192,204,192,일치,image/png,/wp-content/uploads/2024/04/CJ-올리브영.png,원본 파일,,15225,200,image/png,15225,CJ 올리브영,,,2024-04-03,448,,unknown,unknown,unknown,data-only (미연결),external,external,,제3자 상표(고객사 로고),,,고객사 로고 사용 권한 미확인 (CLAUDE.md §3) — 확인 전까지 이미지 미사용
105,Partner,—,src/data/partners.json,partner-450,CJ 푸드빌,450,logo,451,451,data,/wp-content/uploads/2024/04/CJ-푸드빌.png,CJ-푸드빌.png,304,166,304,166,일치,image/png,/wp-content/uploads/2024/04/CJ-푸드빌.png,원본 파일,,23318,200,image/png,23318,CJ 푸드빌,,,2024-04-03,450,,unknown,unknown,unknown,data-only (미연결),external,external,,제3자 상표(고객사 로고),,,고객사 로고 사용 권한 미확인 (CLAUDE.md §3) — 확인 전까지 이미지 미사용
106,Partner,P1,src/data/partners.json,partner-452,CJ E&M,452,logo,453,453,data,/wp-content/uploads/2024/04/CJ_EM.png,CJ_EM.png,95,55,95,55,일치,image/png,/wp-content/uploads/2024/04/CJ_EM.png,원본 파일,,6492,200,image/png,6492,CJ_E&M,,,2024-04-03,452,,unknown,unknown,unknown,"not-rendered (연결됨, 이름 텍스트로 표시)",external,external,,제3자 상표(고객사 로고),,,고객사 로고 사용 권한 미확인 (CLAUDE.md §3) — 확인 전까지 이미지 미사용
107,Partner,—,src/data/partners.json,partner-454,CJ 제일제당,454,logo,455,455,data,/wp-content/uploads/2024/04/CJ_제일제당.png,CJ_제일제당.png,100,44,100,44,일치,image/png,/wp-content/uploads/2024/04/CJ_제일제당.png,원본 파일,,6447,200,image/png,6447,CJ_제일제당,,,2024-04-03,454,,unknown,unknown,unknown,data-only (미연결),external,external,,제3자 상표(고객사 로고),,,고객사 로고 사용 권한 미확인 (CLAUDE.md §3) — 확인 전까지 이미지 미사용
108,Partner,P1,src/data/partners.json,partner-456,CJ 대한통운,456,logo,457,457,data,/wp-content/uploads/2024/04/CJ대한통운로고.png,CJ대한통운로고.png,945,404,945,404,일치,image/png,/wp-content/uploads/2024/04/CJ대한통운로고.png,원본 파일,,13700,200,image/png,13700,CJ대한통운로고,,,2024-04-03,456,,unknown,unknown,unknown,"not-rendered (연결됨, 이름 텍스트로 표시)",external,external,,제3자 상표(고객사 로고),,,고객사 로고 사용 권한 미확인 (CLAUDE.md §3) — 확인 전까지 이미지 미사용
109,Partner,—,src/data/partners.json,partner-458,핑거,458,logo,459,459,data,/wp-content/uploads/2024/04/finger.png,finger.png,720,677,720,677,일치,image/png,/wp-content/uploads/2024/04/finger.png,원본 파일,,112827,200,image/png,112827,finger,,,2024-04-03,458,,unknown,unknown,unknown,data-only (미연결),external,external,,제3자 상표(고객사 로고),,,고객사 로고 사용 권한 미확인 (CLAUDE.md §3) — 확인 전까지 이미지 미사용
110,Partner,P1,src/data/partners.json,partner-460,IBK 시스템,460,logo,461,461,data,/wp-content/uploads/2024/04/ibk-시스템.png,ibk-시스템.png,720,677,720,677,일치,image/png,/wp-content/uploads/2024/04/ibk-시스템.png,원본 파일,,166237,200,image/png,166237,ibk 시스템,,,2024-04-03,460,,unknown,unknown,unknown,"not-rendered (연결됨, 이름 텍스트로 표시)",external,external,,제3자 상표(고객사 로고),,,고객사 로고 사용 권한 미확인 (CLAUDE.md §3) — 확인 전까지 이미지 미사용
111,Partner,—,src/data/partners.json,partner-462,카카오뱅크,462,logo,463,463,data,/wp-content/uploads/2024/04/kakaobank.png,kakaobank.png,600,600,600,600,일치,image/png,/wp-content/uploads/2024/04/kakaobank.png,원본 파일,,6666,200,image/png,6666,kakaobank,,,2024-04-03,462,,unknown,unknown,unknown,data-only (미연결),external,external,,제3자 상표(고객사 로고),,,고객사 로고 사용 권한 미확인 (CLAUDE.md §3) — 확인 전까지 이미지 미사용
112,Partner,P1,src/data/partners.json,partner-464,카카오페이,464,logo,465,465,data,/wp-content/uploads/2024/04/kakaopay.png,kakaopay.png,256,256,256,256,일치,image/png,/wp-content/uploads/2024/04/kakaopay.png,원본 파일,,5327,200,image/png,5327,kakaopay,,,2024-04-03,464,,unknown,unknown,unknown,"not-rendered (연결됨, 이름 텍스트로 표시)",external,external,,제3자 상표(고객사 로고),,,고객사 로고 사용 권한 미확인 (CLAUDE.md §3) — 확인 전까지 이미지 미사용
113,Partner,—,src/data/partners.json,partner-466,KT DS,466,logo,467,467,data,/wp-content/uploads/2024/04/kt-ds.png,kt-ds.png,335,132,335,132,일치,image/png,/wp-content/uploads/2024/04/kt-ds.png,원본 파일,,9358,200,image/png,9358,kt ds,,,2024-04-03,466,,unknown,unknown,unknown,data-only (미연결),external,external,,제3자 상표(고객사 로고),,,고객사 로고 사용 권한 미확인 (CLAUDE.md §3) — 확인 전까지 이미지 미사용
114,Partner,—,src/data/partners.json,partner-468,LG CNS,468,logo,469,469,data,/wp-content/uploads/2024/04/LG-CNS.png,LG-CNS.png,1875,444,1875,444,일치,image/png,/wp-content/uploads/2024/04/LG-CNS.png,원본 파일,,6026,200,image/png,6026,LG CNS,,,2024-04-03,468,,unknown,unknown,unknown,data-only (미연결),external,external,,제3자 상표(고객사 로고),,,고객사 로고 사용 권한 미확인 (CLAUDE.md §3) — 확인 전까지 이미지 미사용
115,Partner,P1,src/data/partners.json,partner-470,LG 헬로비전,470,logo,471,471,data,/wp-content/uploads/2024/04/LG-hellovision.png,LG-hellovision.png,647,364,647,364,일치,image/png,/wp-content/uploads/2024/04/LG-hellovision.png,원본 파일,,60027,200,image/png,60027,LG hellovision,,,2024-04-03,470,,unknown,unknown,unknown,"not-rendered (연결됨, 이름 텍스트로 표시)",external,external,,제3자 상표(고객사 로고),,,고객사 로고 사용 권한 미확인 (CLAUDE.md §3) — 확인 전까지 이미지 미사용
116,Partner,P1,src/data/partners.json,partner-472,MG 새마을금고,472,logo,473,473,data,/wp-content/uploads/2024/04/MG-새마을금고.png,MG-새마을금고.png,600,600,600,600,일치,image/png,/wp-content/uploads/2024/04/MG-새마을금고.png,원본 파일,,10801,200,image/png,10801,MG 새마을금고,,,2024-04-03,472,,unknown,unknown,unknown,"not-rendered (연결됨, 이름 텍스트로 표시)",external,external,,제3자 상표(고객사 로고),,,고객사 로고 사용 권한 미확인 (CLAUDE.md §3) — 확인 전까지 이미지 미사용
117,Partner,P1,src/data/partners.json,partner-474,SC 제일은행,474,logo,476,476,data,/wp-content/uploads/2024/04/SC-제일은행.png,SC-제일은행.png,476,134,476,134,일치,image/png,/wp-content/uploads/2024/04/SC-제일은행.png,원본 파일,,36346,200,image/png,36346,SC 제일은행,,,2024-04-03,474,,unknown,unknown,unknown,"not-rendered (연결됨, 이름 텍스트로 표시)",external,external,,제3자 상표(고객사 로고),,,고객사 로고 사용 권한 미확인 (CLAUDE.md §3) — 확인 전까지 이미지 미사용
118,Partner,P1,src/data/partners.json,partner-477,티시스,477,logo,478,478,data,/wp-content/uploads/2024/04/Tsis.png,Tsis.png,389,145,389,145,일치,image/png,/wp-content/uploads/2024/04/Tsis.png,원본 파일,,11270,200,image/png,11270,Tsis,,,2024-04-03,477,,unknown,unknown,unknown,"not-rendered (연결됨, 이름 텍스트로 표시)",external,external,,제3자 상표(고객사 로고),,,고객사 로고 사용 권한 미확인 (CLAUDE.md §3) — 확인 전까지 이미지 미사용
119,Partner,—,src/data/partners.json,partner-479,기획재정부,479,logo,480,480,data,/wp-content/uploads/2024/04/기획재정부.png,기획재정부.png,835,299,835,299,일치,image/png,/wp-content/uploads/2024/04/기획재정부.png,원본 파일,,65772,200,image/png,65772,기획재정부,,,2024-04-03,479,,unknown,unknown,unknown,data-only (미연결),external,external,,제3자 상표(고객사 로고),,,고객사 로고 사용 권한 미확인 (CLAUDE.md §3) — 확인 전까지 이미지 미사용
120,Partner,—,src/data/partners.json,partner-481,라이나생명,481,logo,482,482,data,/wp-content/uploads/2024/04/라이나-생명.png,라이나-생명.png,300,100,300,100,일치,image/png,/wp-content/uploads/2024/04/라이나-생명.png,원본 파일,,8983,200,image/png,8983,라이나 생명,,,2024-04-03,481,,unknown,unknown,unknown,data-only (미연결),external,external,,제3자 상표(고객사 로고),,,고객사 로고 사용 권한 미확인 (CLAUDE.md §3) — 확인 전까지 이미지 미사용
121,Partner,—,src/data/partners.json,partner-483,아시아나 IDT,483,logo,484,484,data,/wp-content/uploads/2024/04/아시아나-IDT.png,아시아나-IDT.png,300,120,300,120,일치,image/png,/wp-content/uploads/2024/04/아시아나-IDT.png,원본 파일,,2937,200,image/png,2937,아시아나 IDT,,,2024-04-03,483,,unknown,unknown,unknown,data-only (미연결),external,external,,제3자 상표(고객사 로고),,,고객사 로고 사용 권한 미확인 (CLAUDE.md §3) — 확인 전까지 이미지 미사용
122,Partner,—,src/data/partners.json,partner-486,애큐온캐피탈,486,logo,487,487,data,/wp-content/uploads/2024/04/애큐온캐피탈.png,애큐온캐피탈.png,680,137,680,137,일치,image/png,/wp-content/uploads/2024/04/애큐온캐피탈.png,원본 파일,,38975,200,image/png,38975,애큐온캐피탈,,,2024-04-03,486,,unknown,unknown,unknown,data-only (미연결),external,external,,제3자 상표(고객사 로고),,다른 media와 동일 추정,고객사 로고 사용 권한 미확인 (CLAUDE.md §3) — 확인 전까지 이미지 미사용
123,Partner,P1,src/data/partners.json,partner-490,예금보험공사,490,logo,492,492,data,/wp-content/uploads/2024/04/예금보험공사.png,예금보험공사.png,508,138,508,138,일치,image/png,/wp-content/uploads/2024/04/예금보험공사.png,원본 파일,,56500,200,image/png,56500,예금보험공사,,,2024-04-03,490,,unknown,unknown,unknown,"not-rendered (연결됨, 이름 텍스트로 표시)",external,external,,제3자 상표(고객사 로고),,다른 media와 동일 추정,고객사 로고 사용 권한 미확인 (CLAUDE.md §3) — 확인 전까지 이미지 미사용
124,Partner,—,src/data/partners.json,partner-494,우리에프아이에스,494,logo,495,495,data,/wp-content/uploads/2024/04/우리에프아이에스.png,우리에프아이에스.png,1888,253,1888,253,일치,image/png,/wp-content/uploads/2024/04/우리에프아이에스.png,원본 파일,,49866,200,image/png,49866,우리에프아이에스,,,2024-04-03,494,,unknown,unknown,unknown,data-only (미연결),external,external,,제3자 상표(고객사 로고),,,고객사 로고 사용 권한 미확인 (CLAUDE.md §3) — 확인 전까지 이미지 미사용
125,Partner,—,src/data/partners.json,partner-496,우리은행,496,logo,497,497,data,/wp-content/uploads/2024/04/우리은행.png,우리은행.png,800,193,800,193,일치,image/png,/wp-content/uploads/2024/04/우리은행.png,원본 파일,,39264,200,image/png,39264,우리은행,,,2024-04-03,496,,unknown,unknown,unknown,data-only (미연결),external,external,,제3자 상표(고객사 로고),,,고객사 로고 사용 권한 미확인 (CLAUDE.md §3) — 확인 전까지 이미지 미사용
126,Partner,P1,src/data/partners.json,partner-498,전북은행,498,logo,500,500,data,/wp-content/uploads/2024/04/전북은행.png,전북은행.png,1125,211,1125,211,일치,image/png,/wp-content/uploads/2024/04/전북은행.png,원본 파일,,88144,200,image/png,88144,전북은행,,,2024-04-03,498,,unknown,unknown,unknown,"not-rendered (연결됨, 이름 텍스트로 표시)",external,external,,제3자 상표(고객사 로고),,,고객사 로고 사용 권한 미확인 (CLAUDE.md §3) — 확인 전까지 이미지 미사용
127,Partner,—,src/data/partners.json,partner-501,K-BIZ 중소기업중앙회,501,logo,503,503,data,/wp-content/uploads/2024/04/중소기업중앙회.png,중소기업중앙회.png,650,300,650,300,일치,image/png,/wp-content/uploads/2024/04/중소기업중앙회.png,원본 파일,,38931,200,image/png,38931,중소기업중앙회,,,2024-04-03,501,,unknown,unknown,unknown,data-only (미연결),external,external,,제3자 상표(고객사 로고),,,고객사 로고 사용 권한 미확인 (CLAUDE.md §3) — 확인 전까지 이미지 미사용
128,Partner,—,src/data/partners.json,partner-506,하나금융TI,506,logo,508,508,data,/wp-content/uploads/2024/04/하나금융-ti.png,하나금융-ti.png,1263,335,1263,335,일치,image/png,/wp-content/uploads/2024/04/하나금융-ti.png,원본 파일,,30429,200,image/png,30429,하나금융 ti,,,2024-04-03,506,,unknown,unknown,unknown,data-only (미연결),external,external,,제3자 상표(고객사 로고),,,고객사 로고 사용 권한 미확인 (CLAUDE.md §3) — 확인 전까지 이미지 미사용
129,Partner,P1,src/data/partners.json,partner-509,한국은행,509,logo,510,510,data,/wp-content/uploads/2024/04/한국은행.png,한국은행.png,600,600,600,600,일치,image/png,/wp-content/uploads/2024/04/한국은행.png,원본 파일,,18328,200,image/png,18328,한국은행,,,2024-04-03,509,,unknown,unknown,unknown,"not-rendered (연결됨, 이름 텍스트로 표시)",external,external,,제3자 상표(고객사 로고),,다른 media와 동일 추정,고객사 로고 사용 권한 미확인 (CLAUDE.md §3) — 확인 전까지 이미지 미사용
130,Partner,—,src/data/partners.json,partner-512,캠코_한국자산관리공사,512,logo,513,513,data,/wp-content/uploads/2024/04/한국자산관리공사.png,한국자산관리공사.png,586,426,586,426,일치,image/png,/wp-content/uploads/2024/04/한국자산관리공사.png,원본 파일,,50523,200,image/png,50523,한국자산관리공사,,,2024-04-03,512,,unknown,unknown,unknown,data-only (미연결),external,external,,제3자 상표(고객사 로고),,,고객사 로고 사용 권한 미확인 (CLAUDE.md §3) — 확인 전까지 이미지 미사용
131,Partner,—,src/data/partners.json,partner-514,행정안전부,514,logo,515,515,data,/wp-content/uploads/2024/04/행정안전부.png,행정안전부.png,1200,388,1200,388,일치,image/png,/wp-content/uploads/2024/04/행정안전부.png,원본 파일,,34860,200,image/png,34860,행정안전부,,,2024-04-03,514,,unknown,unknown,unknown,data-only (미연결),external,external,,제3자 상표(고객사 로고),,,고객사 로고 사용 권한 미확인 (CLAUDE.md §3) — 확인 전까지 이미지 미사용
132,Partner,P1,src/data/partners.json,partner-516,현대차증권,516,logo,517,517,data,/wp-content/uploads/2024/04/현대차증권.png,현대차증권.png,4000,1333,4000,1333,일치,image/png,/wp-content/uploads/2024/04/현대차증권.png,원본 파일,,617044,200,image/png,617044,현대차증권,,,2024-04-03,516,,unknown,unknown,unknown,"not-rendered (연결됨, 이름 텍스트로 표시)",external,external,,제3자 상표(고객사 로고),,,고객사 로고 사용 권한 미확인 (CLAUDE.md §3) — 확인 전까지 이미지 미사용
133,Partner,P1,src/data/partners.json,partner-518,흥국생명,518,logo,519,519,data,/wp-content/uploads/2024/04/흥국생명-1.png,흥국생명-1.png,512,161,512,161,일치,image/png,/wp-content/uploads/2024/04/흥국생명-1.png,원본 파일,,40474,200,image/png,40474,흥국생명,,,2024-04-03,518,,unknown,unknown,unknown,"not-rendered (연결됨, 이름 텍스트로 표시)",external,external,,제3자 상표(고객사 로고),,,고객사 로고 사용 권한 미확인 (CLAUDE.md §3) — 확인 전까지 이미지 미사용
134,Partner,P1,src/data/partners.json,partner-520,흥국화재,520,logo,521,521,data,/wp-content/uploads/2024/04/흥국화재.png,흥국화재.png,500,101,500,101,일치,image/png,/wp-content/uploads/2024/04/흥국화재.png,원본 파일,,39388,200,image/png,39388,흥국화재,,,2024-04-03,520,,unknown,unknown,unknown,"not-rendered (연결됨, 이름 텍스트로 표시)",external,external,,제3자 상표(고객사 로고),,,고객사 로고 사용 권한 미확인 (CLAUDE.md §3) — 확인 전까지 이미지 미사용
135,Partner,P1,src/data/partners.json,partner-545,KB국민은행,545,logo,546,546,data,/wp-content/uploads/2024/04/KB_logo_2020.jpg,KB_logo_2020.jpg,800,217,800,217,일치,image/jpeg,/wp-content/uploads/2024/04/KB_logo_2020.jpg,원본 파일,,60786,200,image/jpeg,60786,KB_logo_2020,,,2024-04-03,545,,unknown,unknown,unknown,"not-rendered (연결됨, 이름 텍스트로 표시)",external,external,,제3자 상표(고객사 로고),,,고객사 로고 사용 권한 미확인 (CLAUDE.md §3) — 확인 전까지 이미지 미사용
136,Partner,—,src/data/partners.json,partner-575,코스콤,575,logo,580,580,data,/wp-content/uploads/2024/04/Koscom_CI.jpg,Koscom_CI.jpg,1719,573,1719,573,일치,image/jpeg,/wp-content/uploads/2024/04/Koscom_CI.jpg,원본 파일,,45573,200,image/jpeg,45573,Koscom_CI,,,2024-04-03,575,,unknown,unknown,unknown,data-only (미연결),external,external,,제3자 상표(고객사 로고),,,고객사 로고 사용 권한 미확인 (CLAUDE.md §3) — 확인 전까지 이미지 미사용
137,Partner,—,src/data/partners.json,partner-651,KDB산업은행,651,logo,652,652,data,/wp-content/uploads/2024/04/KDB_CI_Kor.jpg,KDB_CI_Kor.jpg,1988,301,1988,301,일치,image/jpeg,/wp-content/uploads/2024/04/KDB_CI_Kor.jpg,원본 파일,,152864,200,image/jpeg,152864,KDB_CI_Kor,,,2024-04-03,651,,unknown,unknown,unknown,data-only (미연결),external,external,,제3자 상표(고객사 로고),,,고객사 로고 사용 권한 미확인 (CLAUDE.md §3) — 확인 전까지 이미지 미사용
138,Partner,P1,src/data/partners.json,partner-657,나이스신용평가,657,logo,660,660,data,/wp-content/uploads/2024/04/symbolmark.jpg,symbolmark.jpg,71,71,71,71,일치,image/jpeg,/wp-content/uploads/2024/04/symbolmark.jpg,원본 파일,,11438,200,image/jpeg,11438,symbolmark,,,2024-04-03,657,,unknown,unknown,unknown,"not-rendered (연결됨, 이름 텍스트로 표시)",external,external,,제3자 상표(고객사 로고),,,고객사 로고 사용 권한 미확인 (CLAUDE.md §3) — 확인 전까지 이미지 미사용
139,Partner,P1,src/data/partners.json,partner-662,산림조합중앙회,662,logo,663,663,data,/wp-content/uploads/2024/04/2.-산림조합-CB-기본형2가로형.jpg,2.-산림조합-CB-기본형2가로형.jpg,472,118,472,118,일치,image/jpeg,/wp-content/uploads/2024/04/2.-산림조합-CB-기본형2가로형.jpg,원본 파일,,43990,200,image/jpeg,43990,2. 산림조합 CB 기본형2(가로형),,,2024-04-03,662,,unknown,unknown,unknown,"not-rendered (연결됨, 이름 텍스트로 표시)",external,external,,제3자 상표(고객사 로고),,,고객사 로고 사용 권한 미확인 (CLAUDE.md §3) — 확인 전까지 이미지 미사용
140,Partner,P1,src/data/partners.json,partner-670,삼성꿈장학재단,670,logo,671,671,data,/wp-content/uploads/2024/04/삼성꿈장학재단.png,삼성꿈장학재단.png,394,131,394,131,일치,image/png,/wp-content/uploads/2024/04/삼성꿈장학재단.png,원본 파일,,11873,200,image/png,11873,삼성꿈장학재단,,,2024-04-03,670,,unknown,unknown,unknown,"not-rendered (연결됨, 이름 텍스트로 표시)",external,external,,제3자 상표(고객사 로고),,,고객사 로고 사용 권한 미확인 (CLAUDE.md §3) — 확인 전까지 이미지 미사용
141,Partner,P1,src/data/partners.json,partner-674,삼성카드,674,logo,676,676,data,/wp-content/uploads/2024/04/삼성카드-로고.png,삼성카드-로고.png,298,77,298,77,일치,image/png,/wp-content/uploads/2024/04/삼성카드-로고.png,원본 파일,,4785,200,image/png,4785,삼성카드 로고,,,2024-04-03,674,,unknown,unknown,unknown,"not-rendered (연결됨, 이름 텍스트로 표시)",external,external,,제3자 상표(고객사 로고),,,고객사 로고 사용 권한 미확인 (CLAUDE.md §3) — 확인 전까지 이미지 미사용
142,Partner,P1,src/data/partners.json,partner-679,신한은행,679,logo,680,680,data,/wp-content/uploads/2024/04/신한은행-로고.jpg,신한은행-로고.jpg,240,67,240,67,일치,image/jpeg,/wp-content/uploads/2024/04/신한은행-로고.jpg,원본 파일,,5511,200,image/jpeg,5511,신한은행 로고,,,2024-04-03,679,,unknown,unknown,unknown,"not-rendered (연결됨, 이름 텍스트로 표시)",external,external,,제3자 상표(고객사 로고),,,고객사 로고 사용 권한 미확인 (CLAUDE.md §3) — 확인 전까지 이미지 미사용
143,Partner,P1,src/data/partners.json,partner-698,IBK기업은행,698,logo,699,699,data,/wp-content/uploads/2024/04/IBK기업은행_CI국문.jpg,IBK기업은행_CI국문.jpg,2364,946,2364,946,일치,image/jpeg,/wp-content/uploads/2024/04/IBK기업은행_CI국문.jpg,원본 파일,,236565,200,image/jpeg,236565,IBK기업은행_CI(국문),,,2024-04-03,698,,unknown,unknown,unknown,"not-rendered (연결됨, 이름 텍스트로 표시)",external,external,,제3자 상표(고객사 로고),,,고객사 로고 사용 권한 미확인 (CLAUDE.md §3) — 확인 전까지 이미지 미사용
144,Partner,P1,src/data/partners.json,partner-707,KB캐피탈,707,logo,708,708,data,/wp-content/uploads/2024/04/kb캐피탈.png,kb캐피탈.png,336,67,336,67,일치,image/png,/wp-content/uploads/2024/04/kb캐피탈.png,원본 파일,,14710,200,image/png,14710,kb캐피탈,,,2024-04-03,707,,unknown,unknown,unknown,"not-rendered (연결됨, 이름 텍스트로 표시)",external,external,,제3자 상표(고객사 로고),,,고객사 로고 사용 권한 미확인 (CLAUDE.md §3) — 확인 전까지 이미지 미사용
145,Partner,P1,src/data/partners.json,partner-713,토스뱅크,713,logo,714,714,data,/wp-content/uploads/2024/04/토스뱅크.jpg,토스뱅크.jpg,1181,303,1181,303,일치,image/jpeg,/wp-content/uploads/2024/04/토스뱅크.jpg,원본 파일,,93674,200,image/jpeg,93674,토스뱅크,,,2024-04-03,713,,unknown,unknown,unknown,"not-rendered (연결됨, 이름 텍스트로 표시)",external,external,,제3자 상표(고객사 로고),,,고객사 로고 사용 권한 미확인 (CLAUDE.md §3) — 확인 전까지 이미지 미사용
146,Partner,P1,src/data/partners.json,partner-717,하나은행,717,logo,718,718,data,/wp-content/uploads/2024/04/하나은행.jpg,하나은행.jpg,2362,616,2362,616,일치,image/jpeg,/wp-content/uploads/2024/04/하나은행.jpg,원본 파일,,148005,200,image/jpeg,148005,하나은행,,,2024-04-03,717,,unknown,unknown,unknown,"not-rendered (연결됨, 이름 텍스트로 표시)",external,external,,제3자 상표(고객사 로고),,,고객사 로고 사용 권한 미확인 (CLAUDE.md §3) — 확인 전까지 이미지 미사용
147,Partner,P1,src/data/partners.json,partner-728,한국투자캐피탈,728,logo,729,729,data,/wp-content/uploads/2024/04/한국투자캐피탈.jpg,한국투자캐피탈.jpg,600,131,600,131,일치,image/jpeg,/wp-content/uploads/2024/04/한국투자캐피탈.jpg,원본 파일,,18507,200,image/jpeg,18507,한국투자캐피탈,,,2024-04-03,728,,unknown,unknown,unknown,"not-rendered (연결됨, 이름 텍스트로 표시)",external,external,,제3자 상표(고객사 로고),,다른 media와 동일 추정,고객사 로고 사용 권한 미확인 (CLAUDE.md §3) — 확인 전까지 이미지 미사용
148,Partner,P1,src/data/partners.json,partner-754,현대카드,754,logo,756,756,data,/wp-content/uploads/2024/04/HyundaiCard_Signature.jpg,HyundaiCard_Signature.jpg,948,219,948,219,일치,image/jpeg,/wp-content/uploads/2024/04/HyundaiCard_Signature.jpg,원본 파일,,21391,200,image/jpeg,21391,HyundaiCard_Signature,,,2024-04-03,754,,unknown,unknown,unknown,"not-rendered (연결됨, 이름 텍스트로 표시)",external,external,,제3자 상표(고객사 로고),,,고객사 로고 사용 권한 미확인 (CLAUDE.md §3) — 확인 전까지 이미지 미사용
149,Partner,P1,src/data/partners.json,partner-807,한국투자저축은행,807,logo,808,808,data,/wp-content/uploads/2024/04/한투저축은행.svg,한투저축은행.svg,,,,,데이터 크기 없음,image/svg+xml,/wp-content/uploads/2024/04/한투저축은행.svg,원본 파일,,8972,200,image/svg+xml,8972,한투저축은행,,,2024-04-04,807,,unknown,unknown,unknown,"not-rendered (연결됨, 이름 텍스트로 표시)",external,external,,제3자 상표(고객사 로고),,,고객사 로고 사용 권한 미확인 (CLAUDE.md §3) — 확인 전까지 이미지 미사용 / SVG 로고 — 원본 width/height 메타데이터 없음
150,Partner,P1,src/data/partners.json,partner-837,CJ올리브네트웍스,837,logo,838,838,data,/wp-content/uploads/2024/04/cj올리브네트웍스.jpg,cj올리브네트웍스.jpg,512,385,512,385,일치,image/jpeg,/wp-content/uploads/2024/04/cj올리브네트웍스.jpg,원본 파일,,15692,200,image/jpeg,15692,cj올리브네트웍스,,,2024-04-05,837,,unknown,unknown,unknown,"not-rendered (연결됨, 이름 텍스트로 표시)",external,external,,제3자 상표(고객사 로고),,,고객사 로고 사용 권한 미확인 (CLAUDE.md §3) — 확인 전까지 이미지 미사용
151,Partner,—,src/data/partners.json,partner-858,쇼핑엔티,858,logo,859,859,data,/wp-content/uploads/2024/04/쇼핑엔티.jpg,쇼핑엔티.jpg,800,420,800,420,일치,image/jpeg,/wp-content/uploads/2024/04/쇼핑엔티.jpg,원본 파일,,5990,200,image/jpeg,5990,쇼핑엔티,,,2024-04-05,858,,unknown,unknown,unknown,data-only (미연결),external,external,,제3자 상표(고객사 로고),,다른 media와 동일 추정,고객사 로고 사용 권한 미확인 (CLAUDE.md §3) — 확인 전까지 이미지 미사용
152,Partner,P1,src/data/partners.json,partner-865,NIA 한국지능정보사회진흥원,865,logo,866,866,data,/wp-content/uploads/2024/04/NIA.jpg,NIA.jpg,1000,1000,1000,1000,일치,image/jpeg,/wp-content/uploads/2024/04/NIA.jpg,원본 파일,,152473,200,image/jpeg,152473,NIA,,,2024-04-05,865,,unknown,unknown,unknown,"not-rendered (연결됨, 이름 텍스트로 표시)",external,external,,제3자 상표(고객사 로고),,다른 media와 동일 추정,고객사 로고 사용 권한 미확인 (CLAUDE.md §3) — 확인 전까지 이미지 미사용
153,Partner,—,src/data/partners.json,partner-892,CJ 프레시웨이,892,logo,893,893,data,/wp-content/uploads/2024/04/CJ프레시웨이.png,CJ프레시웨이.png,400,300,400,300,일치,image/png,/wp-content/uploads/2024/04/CJ프레시웨이.png,원본 파일,,4720,200,image/png,4720,CJ프레시웨이,,,2024-04-05,892,,unknown,unknown,unknown,data-only (미연결),external,external,,제3자 상표(고객사 로고),,,고객사 로고 사용 권한 미확인 (CLAUDE.md §3) — 확인 전까지 이미지 미사용
154,Partner,P1,src/data/partners.json,partner-1137,라이나손해보험,1137,logo,1138,1138,data,/wp-content/uploads/2024/09/라이나손보.png,라이나손보.png,449,156,449,156,일치,image/png,/wp-content/uploads/2024/09/라이나손보.png,원본 파일,,9811,200,image/png,9811,라이나손보,,,2024-09-06,1137,,unknown,unknown,unknown,"not-rendered (연결됨, 이름 텍스트로 표시)",external,external,,제3자 상표(고객사 로고),,,고객사 로고 사용 권한 미확인 (CLAUDE.md §3) — 확인 전까지 이미지 미사용
155,Partner,P1,src/data/partners.json,partner-1184,애큐온저축은행,1184,logo,1185,1185,data,/wp-content/uploads/2024/12/애큐온저축은행.png,애큐온저축은행.png,546,86,546,86,일치,image/png,/wp-content/uploads/2024/12/애큐온저축은행.png,원본 파일,,10452,200,image/png,10452,애큐온저축은행,,,2024-12-14,1184,,unknown,unknown,unknown,"not-rendered (연결됨, 이름 텍스트로 표시)",external,external,,제3자 상표(고객사 로고),,,고객사 로고 사용 권한 미확인 (CLAUDE.md §3) — 확인 전까지 이미지 미사용
156,Partner,P1,src/data/partners.json,partner-1191,KDB캐피탈,1191,logo,1192,1192,data,/wp-content/uploads/2024/12/IMG_0011.png,IMG_0011.png,1200,630,1200,630,일치,image/png,/wp-content/uploads/2024/12/IMG_0011.png,원본 파일,,44773,200,image/png,44773,IMG_0011,,,2024-12-15,1191,,unknown,unknown,unknown,"not-rendered (연결됨, 이름 텍스트로 표시)",external,external,,제3자 상표(고객사 로고),,,고객사 로고 사용 권한 미확인 (CLAUDE.md §3) — 확인 전까지 이미지 미사용
157,Partner,P1,src/data/partners.json,partner-1284,나비엔,1284,logo,1285,1285,data,/wp-content/uploads/2024/12/경동나비엔.png,경동나비엔.png,485,81,485,81,일치,image/png,/wp-content/uploads/2024/12/경동나비엔.png,원본 파일,,6939,200,image/png,6939,경동나비엔,,,2024-12-19,1284,,unknown,unknown,unknown,"not-rendered (연결됨, 이름 텍스트로 표시)",external,external,,제3자 상표(고객사 로고),,,고객사 로고 사용 권한 미확인 (CLAUDE.md §3) — 확인 전까지 이미지 미사용
158,Partner,P1,src/data/partners.json,partner-1350,BNK캐피탈,1350,logo,1351,1351,data,/wp-content/uploads/2025/06/BNK캐피탈.png,BNK캐피탈.png,512,512,512,512,일치,image/png,/wp-content/uploads/2025/06/BNK캐피탈.png,원본 파일,,7548,200,image/png,7548,BNK캐피탈,,,2025-06-16,1350,,unknown,unknown,unknown,"not-rendered (연결됨, 이름 텍스트로 표시)",external,external,,제3자 상표(고객사 로고),,,고객사 로고 사용 권한 미확인 (CLAUDE.md §3) — 확인 전까지 이미지 미사용
159,Partner,P1,src/data/partners.json,partner-1375,한국투자캐피탈,1375,logo,1376,1376,data,/wp-content/uploads/2025/06/200465_50349_2148.jpg,200465_50349_2148.jpg,600,131,600,131,일치,image/jpeg,/wp-content/uploads/2025/06/200465_50349_2148.jpg,원본 파일,,18507,200,image/jpeg,18507,200465_50349_2148,,,2025-06-17,1375,,unknown,unknown,unknown,"not-rendered (연결됨, 이름 텍스트로 표시)",external,external,,제3자 상표(고객사 로고),,다른 media와 동일 추정,고객사 로고 사용 권한 미확인 (CLAUDE.md §3) — 확인 전까지 이미지 미사용
160,Partner,P1,src/data/partners.json,partner-1571,농협은행,1571,logo,1570,1570,data,/wp-content/uploads/2026/02/cyber_signeture02.gif,cyber_signeture02.gif,501,161,501,161,일치,image/gif,/wp-content/uploads/2026/02/cyber_signeture02.gif,원본 파일,,4412,200,image/gif,4412,cyber_signeture02,,,2026-02-11,,,unknown,unknown,unknown,"not-rendered (연결됨, 이름 텍스트로 표시)",external,external,,제3자 상표(고객사 로고),,,고객사 로고 사용 권한 미확인 (CLAUDE.md §3) — 확인 전까지 이미지 미사용
